{"engineId":"595ebe4d-b6ae-4fbe-83bd-2e67d8f0ecb7","engineName":"Ecommerce","rdbmsId":"acbb264e-f500-4ab2-86f4-f2c88fc96a78","varstore":{},"frames":[{"file":"@BaseFolder@/db/@ENGINE@/version/acbb264e-f500-4ab2-86f4-f2c88fc96a78/FRAME.gz","meta":"@BaseFolder@/db/@ENGINE@/version/acbb264e-f500-4ab2-86f4-f2c88fc96a78/METADATA__FRAME.owl","state":null,"type":"prerna.ds.rdbms.h2.H2Frame","name":"FRAME","keys":["$CUR_FRAME_KEY","FRAME"]}],"panels":[{"panelId":"0","panelLabel":null,"view":"visualization","viewOptions":null,"viewOptionsMap":{},"config":{},"ornaments":{},"events":{},"comments":{},"position":{},"filters":[],"order":[],"cbv":[]}],"tasks":{"tasks":[{"type":"basic","task":{"taskType":"basic","id":"task1","numCollected":500,"internalOffset":0,"taskOptions":"{\"options\":{\"0\":{\"layout\":\"Grid\",\"alignment\":{\"label\":[\"ProductCartDesc\",\"ProductCategoryID\",\"ProductID\",\"ProductImage\",\"ProductLive\",\"ProductLocation\",\"ProductLongDesc\",\"ProductName\",\"ProductPrice\",\"ProductShortDesc\",\"ProductSKU\",\"ProductStock\",\"ProductThumb\",\"ProductUnlimited\",\"ProductUpdateDate\",\"ProductWeight\"]}}},\"ornament\":false}","qs":{"qsType":"FRAME","frameName":"FRAME","isDistinct":true,"overrideImplicit":false,"limit":500,"offset":0,"relations":"[]","selectors":[{"type":"COLUMN","content":{"table":"FRAME","column":"ProductCartDesc","alias":"ProductCartDesc","tableAlias":null}},{"type":"COLUMN","content":{"table":"FRAME","column":"ProductCategoryID","alias":"ProductCategoryID","tableAlias":null}},{"type":"COLUMN","content":{"table":"FRAME","column":"ProductID","alias":"ProductID","tableAlias":null}},{"type":"COLUMN","content":{"table":"FRAME","column":"ProductImage","alias":"ProductImage","tableAlias":null}},{"type":"COLUMN","content":{"table":"FRAME","column":"ProductLive","alias":"ProductLive","tableAlias":null}},{"type":"COLUMN","content":{"table":"FRAME","column":"ProductLocation","alias":"ProductLocation","tableAlias":null}},{"type":"COLUMN","content":{"table":"FRAME","column":"ProductLongDesc","alias":"ProductLongDesc","tableAlias":null}},{"type":"COLUMN","content":{"table":"FRAME","column":"ProductName","alias":"ProductName","tableAlias":null}},{"type":"COLUMN","content":{"table":"FRAME","column":"ProductPrice","alias":"ProductPrice","tableAlias":null}},{"type":"COLUMN","content":{"table":"FRAME","column":"ProductShortDesc","alias":"ProductShortDesc","tableAlias":null}},{"type":"COLUMN","content":{"table":"FRAME","column":"ProductSKU","alias":"ProductSKU","tableAlias":null}},{"type":"COLUMN","content":{"table":"FRAME","column":"ProductStock","alias":"ProductStock","tableAlias":null}},{"type":"COLUMN","content":{"table":"FRAME","column":"ProductThumb","alias":"ProductThumb","tableAlias":null}},{"type":"COLUMN","content":{"table":"FRAME","column":"ProductUnlimited","alias":"ProductUnlimited","tableAlias":null}},{"type":"COLUMN","content":{"table":"FRAME","column":"ProductUpdateDate","alias":"ProductUpdateDate","tableAlias":null}},{"type":"COLUMN","content":{"table":"FRAME","column":"ProductWeight","alias":"ProductWeight","tableAlias":null}}]}}}],"taskCounter":2},"recipe":["AddPanel ( 0 ) ;","Panel ( 0 ) | SetPanelView ( \"visualization\" ) ;","CreateFrame ( grid ) .as ( [ FRAME ] ) ;","Database ( \"595ebe4d-b6ae-4fbe-83bd-2e67d8f0ecb7\" ) | SelectTable ( products ) | Limit ( 500 ) | Import ( ) ;","Frame ( ) | QueryAll ( ) | AutoTaskOptions ( panel = [ \"0\" ] , layout = [ \"GRID\" ] ) | Collect ( 500 ) ;"]}