{"insightID":"32a53f7c-08f1-4a32-aae8-03ce4930cfc0","pixelReturn":[{"pixelExpression":"CachedPanel ( \"0\" ) ;","isMeta":false,"output":{"panelId":"0","view":"visualization","viewOptionsMap":{},"config":{},"ornaments":{},"events":{},"comments":{},"position":{},"filters":[],"order":[],"cbv":[]},"operationType":["CACHED_PANEL"]},{"pixelExpression":"Frame ( ) | QueryAll ( ) | AutoTaskOptions ( panel = [ \"0\" ] , layout = [ \"GRID\" ] ) | Collect ( 500 ) ;","isMeta":false,"output":{"data":{"values":[["Jacket",5,15,"",1,null,"Jacket","Jacket3",11.66,"Jacket","000-0017",652.0,"",0,"2013-06-13 06:30:50",3.0],["Jacket",5,20,"",1,null,"Jacket","Jacket4",15.66,"Jacket","000-0022",215.0,"",0,"2013-06-13 06:30:50",5.0],["Jacket",5,4,"",1,null,"Jacket","Jacket1",50.22,"Jacket","000-0006",600.0,"",0,"2013-06-13 06:30:50",4.0],["Jacket",6,10,"",1,null,"Jacket","Jacket2",15.22,"Jacket","000-0012",300.0,"",0,"2013-06-13 06:30:50",4.0],["Light Cotton T-Shirt",5,18,"",1,null,"Light Cotton T-Shirt","T-Shirt5",99.99,"Light Cotton T-Shirt","000-0020",326.0,"",0,"2013-06-13 06:30:50",5.0],["Light Cotton T-Shirt",5,1,"",1,null,"A light cotton T-Shirt made with 100% real cotton.\r\n\r\nMade right here in the USA for over 15 years, this t-shirt is lightweight and durable.","Cotton T-Shirt",9.99,"A light cotton T-Shirt made with 100% real cotton.","000-0001",100.0,"",0,"2013-06-13 06:30:50",3.0],["Light Cotton T-Shirt",5,6,"",1,null,"Light Cotton T-Shirt","T-Shirt1",22.66,"Light Cotton T-Shirt","000-0008",500.0,"",0,"2013-06-13 06:30:50",1.0],["Light Cotton T-Shirt",6,7,"",1,null,"Light Cotton T-Shirt","T-Shirt2",10.55,"Light Cotton T-Shirt","000-0009",352.0,"",0,"2013-06-13 06:30:50",3.0],["Light Cotton T-Shirt",5,11,"",1,null,"Light Cotton T-Shirt","T-Shirt3",45.55,"Light Cotton T-Shirt","000-0013",400.0,"",0,"2013-06-13 06:30:50",5.0],["Light Cotton T-Shirt",6,12,"",1,null,"Light Cotton T-Shirt","T-Shirt4",55.55,"Light Cotton T-Shirt","000-0014",520.0,"",0,"2013-06-13 06:30:50",5.0],["Shirt",6,21,"",1,null,"Shirt","Shirt5",25.55,"Shirt","000-0023",216.0,"",0,"2013-06-13 06:30:50",5.0],["Shirt",5,13,"",1,null,"Shirt","Shirt3",66.88,"Shirt","000-0015",650.0,"",0,"2013-06-13 06:30:50",5.0],["Shirt",6,8,"",1,null,"Shirt","Shirt2",12.22,"Shirt","000-0010",623.0,"",0,"2013-06-13 06:30:50",2.0],["Shirt",6,3,"",1,null,"Shirt","Shirt1",10.33,"Shirt","000-0005",560.0,"",0,"2013-06-13 06:30:50",3.0],["Shirt",6,17,"",1,null,"Shirt","Shirt4",11.66,"Shirt","000-0019",355.0,"",0,"2013-06-13 06:30:50",5.0],["Shoes",1,19,"",1,null,"Shoes","Shoes5",45.55,"Shoes","000-0021",126.0,"",0,"2013-06-13 06:30:50",5.0],["Shoes",1,5,"",1,null,"Shoes","Shoes1",10.55,"Shoes","000-0007",100.0,"",0,"2013-06-13 06:30:50",5.0],["Shoes",2,9,"",1,null,"Shoes","Shoes2",10.33,"Shoes","000-0011",200.0,"",0,"2013-06-13 06:30:50",5.0],["Shoes",4,16,"",1,null,"Shoes","Shoes4",22.55,"Shoes","000-0018",316.0,"",0,"2013-06-13 06:30:50",5.0],["Shoes",3,14,"",1,null,"Shoes","Shoes3",65.66,"Shoes","000-0016",219.0,"",0,"2013-06-13 06:30:50",5.0],["Track and Trail",4,2,"",0,null,"A rugged track and trail athletic shoe","Los Angeles",179.99,"A rugged track and trail athletic shoe","000-0004",null,"",1,"2013-07-26 00:34:36",8.0]],"headers":["ProductCartDesc","ProductCategoryID","ProductID","ProductImage","ProductLive","ProductLocation","ProductLongDesc","ProductName","ProductPrice","ProductShortDesc","ProductSKU","ProductStock","ProductThumb","ProductUnlimited","ProductUpdateDate","ProductWeight"],"rawHeaders":["PRODUCTCARTDESC","PRODUCTCATEGORYID","PRODUCTID","PRODUCTIMAGE","PRODUCTLIVE","PRODUCTLOCATION","PRODUCTLONGDESC","PRODUCTNAME","PRODUCTPRICE","PRODUCTSHORTDESC","PRODUCTSKU","PRODUCTSTOCK","PRODUCTTHUMB","PRODUCTUNLIMITED","PRODUCTUPDATEDATE","PRODUCTWEIGHT"]},"headerInfo":[{"alias":"ProductCartDesc","header":"FRAME__ProductCartDesc","type":"STRING","derived":false},{"alias":"ProductCategoryID","header":"FRAME__ProductCategoryID","type":"NUMBER","derived":false},{"alias":"ProductID","header":"FRAME__ProductID","type":"NUMBER","derived":false},{"alias":"ProductImage","header":"FRAME__ProductImage","type":"STRING","derived":false},{"alias":"ProductLive","header":"FRAME__ProductLive","type":"NUMBER","derived":false},{"alias":"ProductLocation","header":"FRAME__ProductLocation","type":"STRING","derived":false},{"alias":"ProductLongDesc","header":"FRAME__ProductLongDesc","type":"STRING","derived":false},{"alias":"ProductName","header":"FRAME__ProductName","type":"STRING","derived":false},{"alias":"ProductPrice","header":"FRAME__ProductPrice","type":"NUMBER","derived":false},{"alias":"ProductShortDesc","header":"FRAME__ProductShortDesc","type":"STRING","derived":false},{"alias":"ProductSKU","header":"FRAME__ProductSKU","type":"STRING","derived":false},{"alias":"ProductStock","header":"FRAME__ProductStock","type":"NUMBER","derived":false},{"alias":"ProductThumb","header":"FRAME__ProductThumb","type":"STRING","derived":false},{"alias":"ProductUnlimited","header":"FRAME__ProductUnlimited","type":"NUMBER","derived":false},{"alias":"ProductUpdateDate","header":"FRAME__ProductUpdateDate","type":"DATE","derived":false},{"alias":"ProductWeight","header":"FRAME__ProductWeight","type":"NUMBER","derived":false}],"sortInfo":[],"numRows":21,"sources":[{"name":"FRAME","type":"FRAME"}],"numCollected":500,"taskOptions":{"0":{"layout":"Grid","alignment":{"label":["ProductCartDesc","ProductCategoryID","ProductID","ProductImage","ProductLive","ProductLocation","ProductLongDesc","ProductName","ProductPrice","ProductShortDesc","ProductSKU","ProductStock","ProductThumb","ProductUnlimited","ProductUpdateDate","ProductWeight"]}}},"format":{"type":"TABLE"},"filterInfo":[],"taskId":"task1"},"operationType":["TASK_DATA"]}]}