{"engineId":"595ebe4d-b6ae-4fbe-83bd-2e67d8f0ecb7","engineName":"Ecommerce","rdbmsId":"ccd9eed1-0b84-46f7-873d-c4134dd8bfb8","varstore":{},"frames":[{"file":"@BaseFolder@/db/@ENGINE@/version/ccd9eed1-0b84-46f7-873d-c4134dd8bfb8/FRAME696746.gz","meta":"@BaseFolder@/db/@ENGINE@/version/ccd9eed1-0b84-46f7-873d-c4134dd8bfb8/METADATA__FRAME696746.owl","state":null,"type":"prerna.ds.rdbms.h2.H2Frame","name":"FRAME696746","keys":["$CUR_FRAME_KEY","FRAME696746"]}],"panels":[{"panelId":"0","panelLabel":null,"view":"visualization","viewOptions":"{\"type\":\"standard\"}","viewOptionsMap":{"federate-view":{"app_id":"595ebe4d-b6ae-4fbe-83bd-2e67d8f0ecb7"},"visualization":{"type":"standard"}},"config":{"type":"STANDARD","opacity":100,"labelOverride":false},"ornaments":{},"events":{"onSingleClick":{"Unfilter":[{"disabledVisuals":["Grid","Sunburst"],"default":true,"query":"(<Frame> | UnfilterFrame(<SelectedColumn>));","options":{},"refresh":false,"disabled":false,"panel":""}]},"onBrush":{"Filter":[{"default":true,"query":"if((IsEmpty(<SelectedValues>)),(<Frame> | UnfilterFrame(<SelectedColumn>)), (<Frame> | SetFrameFilter(<SelectedColumn>==<SelectedValues>)));","options":{},"refresh":false,"disabled":false,"panel":""}]}},"comments":{},"position":{},"filters":[],"order":[],"cbv":[]}],"tasks":{"tasks":[{"type":"basic","task":{"taskType":"basic","id":"task1","numCollected":2000,"internalOffset":0,"taskOptions":"{\"options\":{\"0\":{\"layout\":\"Grid\",\"alignment\":{\"label\":[\"OptionGroupID\",\"OptionGroupName\",\"OptionName\"]}}},\"ornament\":false}","qs":{"qsType":"FRAME","frameName":"FRAME696746","isDistinct":true,"overrideImplicit":false,"limit":2000,"offset":0,"relations":"[]","selectors":[{"type":"COLUMN","content":{"table":"FRAME696746","column":"OptionGroupID","alias":"OptionGroupID","tableAlias":null}},{"type":"COLUMN","content":{"table":"FRAME696746","column":"OptionGroupName","alias":"OptionGroupName","tableAlias":null}},{"type":"COLUMN","content":{"table":"FRAME696746","column":"OptionName","alias":"OptionName","tableAlias":null}}]}}},{"type":"basic","task":{"taskType":"basic","id":"task3","numCollected":2000,"internalOffset":0,"taskOptions":"{\"options\":{\"0\":{\"layout\":\"Grid\",\"alignment\":{\"label\":[\"OptionGroupID\",\"OptionGroupName\",\"OptionName\"]}}},\"ornament\":false}","qs":{"qsType":"FRAME","frameName":"FRAME696746","isDistinct":true,"overrideImplicit":false,"limit":2000,"offset":0,"relations":"[]","selectors":[{"type":"COLUMN","content":{"table":"OptionGroupID","column":"PRIM_KEY_PLACEHOLDER","alias":"OptionGroupID","tableAlias":null}},{"type":"COLUMN","content":{"table":"OptionGroupName","column":"PRIM_KEY_PLACEHOLDER","alias":"OptionGroupName","tableAlias":null}},{"type":"COLUMN","content":{"table":"OptionName","column":"PRIM_KEY_PLACEHOLDER","alias":"OptionName","tableAlias":null}}]}}}],"taskCounter":4},"recipe":["AddPanel ( 0 ) ;","Panel ( 0 ) | AddPanelConfig ( config = [ { \"config\" : { \"type\" : \"STANDARD\" , \"opacity\" : 100 } } ] ) ;","Panel ( 0 ) | AddPanelEvents ( { \"onSingleClick\" : { \"Unfilter\" : [ { \"panel\" : \"\" , \"query\" : \"<encode>(<Frame> | UnfilterFrame(<SelectedColumn>));</encode>\" , \"options\" : { } , \"refresh\" : false , \"default\" : true , \"disabledVisuals\" : [ \"Grid\" , \"Sunburst\" ] , \"disabled\" : false } ] } , \"onBrush\" : { \"Filter\" : [ { \"panel\" : \"\" , \"query\" : \"<encode>if((IsEmpty(<SelectedValues>)),(<Frame> | UnfilterFrame(<SelectedColumn>)), (<Frame> | SetFrameFilter(<SelectedColumn>==<SelectedValues>)));</encode>\" , \"options\" : { } , \"refresh\" : false , \"default\" : true , \"disabled\" : false } ] } } ) ;","Panel ( 0 ) | RetrievePanelEvents ( ) ;","Panel ( 0 ) | SetPanelView ( \"visualization\" , \"<encode>{\"type\":\"echarts\"}</encode>\" ) ;","Panel ( 0 ) | SetPanelView ( \"federate-view\" , \"<encode>{\"app_id\":\"595ebe4d-b6ae-4fbe-83bd-2e67d8f0ecb7\"}</encode>\" ) ;","CreateFrame ( GRID ) .as ( [ 'FRAME696746' ] ) ;","Database ( database = [ \"595ebe4d-b6ae-4fbe-83bd-2e67d8f0ecb7\" ] ) | Select ( optiongroups__OptionGroupID ) .as ( [ OptionGroupID ] ) | Import ( frame = [ FRAME696746 ] ) ;","Database ( database = [ \"595ebe4d-b6ae-4fbe-83bd-2e67d8f0ecb7\" ] ) | Select ( optiongroups__OptionGroupID , optiongroups__OptionGroupName ) .as ( [ OptionGroupID , OptionGroupName ] ) | Merge ( joins = [ ( OptionGroupID , inner.join , optiongroups__OptionGroupID ) ] , frame = [ FRAME696746 ] ) ;","Database ( database = [ \"595ebe4d-b6ae-4fbe-83bd-2e67d8f0ecb7\" ] ) | Select ( options__OptionGroupID , options__OptionName ) .as ( [ OptionGroupID , OptionName ] ) | Merge ( joins = [ ( OptionGroupID , inner.join , options__OptionGroupID ) ] , frame = [ FRAME696746 ] ) ;","Panel ( 0 ) | SetPanelView ( \"visualization\" ) ;","Frame ( frame = [ FRAME696746 ] ) | QueryAll ( ) | AutoTaskOptions ( panel = [ \"0\" ] , layout = [ \"Grid\" ] ) | Collect ( 2000 ) ;","Panel ( 0 ) | SetPanelView ( \"visualization\" , \"<encode>{\"type\":\"standard\"}</encode>\" ) ;","Frame ( frame = [ FRAME696746 ] ) | Select ( OptionGroupID , OptionGroupName , OptionName ) .as ( [ OptionGroupID , OptionGroupName , OptionName ] ) | With ( Panel ( 0 ) ) | Format ( type = [ 'table' ] ) | TaskOptions ( { \"0\" : { \"layout\" : \"Grid\" , \"alignment\" : { \"label\" : [ \"OptionGroupID\" , \"OptionGroupName\" , \"OptionName\" ] } } } ) | Collect ( 2000 ) ;"]}