{"insightID":"8234acd0-1fde-4a01-babe-71b15336cfec","pixelReturn":[{"pixelExpression":"CachedPanel ( \"0\" ) ;","isMeta":false,"output":{"panelId":"0","view":"visualization","viewOptions":"{\"type\":\"standard\"}","viewOptionsMap":{"federate-view":{"app_id":"595ebe4d-b6ae-4fbe-83bd-2e67d8f0ecb7"},"visualization":{"type":"standard"}},"config":{"type":"STANDARD","opacity":100.0,"labelOverride":false},"ornaments":{},"events":{"onSingleClick":{"Unfilter":[{"disabledVisuals":["Grid","Sunburst"],"default":true,"query":"(<Frame> | UnfilterFrame(<SelectedColumn>));","options":{},"refresh":false,"disabled":false,"panel":""}]},"onBrush":{"Filter":[{"default":true,"query":"if((IsEmpty(<SelectedValues>)),(<Frame> | UnfilterFrame(<SelectedColumn>)), (<Frame> | SetFrameFilter(<SelectedColumn>==<SelectedValues>)));","options":{},"refresh":false,"disabled":false,"panel":""}]}},"comments":{},"position":{},"filters":[],"order":[],"cbv":[]},"operationType":["CACHED_PANEL"]},{"pixelExpression":"Frame ( frame = [ FRAME696746 ] ) | Select ( OptionGroupID , OptionGroupName , OptionName ) .as ( [ OptionGroupID , OptionGroupName , OptionName ] ) | With ( Panel ( 0 ) ) | Format ( type = [ 'table' ] ) | TaskOptions ( { \"0\" : { \"layout\" : \"Grid\" , \"alignment\" : { \"label\" : [ \"OptionGroupID\" , \"OptionGroupName\" , \"OptionName\" ] } } } ) | Collect ( 2000 ) ;","isMeta":false,"output":{"data":{"values":[[1,"color","green"],[1,"color","red"],[1,"color","blue"],[2,"size","XL"],[2,"size","XXL"],[2,"size","S"],[2,"size","M"],[2,"size","L"],[3,"Material","Polyster"],[3,"Material","Cotton"],[3,"Material","Leather"]],"headers":["OptionGroupID","OptionGroupName","OptionName"],"rawHeaders":["OPTIONGROUPID","OPTIONGROUPNAME","OPTIONNAME"]},"headerInfo":[{"alias":"OptionGroupID","header":"OptionGroupID","type":"NUMBER","derived":false},{"alias":"OptionGroupName","header":"OptionGroupName","type":"STRING","derived":false},{"alias":"OptionName","header":"OptionName","type":"STRING","derived":false}],"sortInfo":[],"numRows":11,"sources":[{"name":"FRAME696746","type":"FRAME"}],"numCollected":2000,"taskOptions":{"0":{"layout":"Grid","alignment":{"label":["OptionGroupID","OptionGroupName","OptionName"]}}},"format":{"type":"TABLE"},"filterInfo":[],"taskId":"task1"},"operationType":["TASK_DATA"]}]}