{"engineId":"595ebe4d-b6ae-4fbe-83bd-2e67d8f0ecb7","engineName":"Ecommerce","rdbmsId":"e65e1765-f88a-4398-8b3c-a27bd4dc637d","varstore":{},"frames":[{"file":"@BaseFolder@/db/@ENGINE@/version/e65e1765-f88a-4398-8b3c-a27bd4dc637d/FRAME.gz","meta":"@BaseFolder@/db/@ENGINE@/version/e65e1765-f88a-4398-8b3c-a27bd4dc637d/METADATA__FRAME.owl","state":null,"type":"prerna.ds.rdbms.h2.H2Frame","name":"FRAME","keys":["$CUR_FRAME_KEY","FRAME"]}],"panels":[{"panelId":"0","panelLabel":null,"view":"visualization","viewOptions":null,"viewOptionsMap":{},"config":{},"ornaments":{},"events":{},"comments":{},"position":{},"filters":[],"order":[],"cbv":[]}],"tasks":{"tasks":[{"type":"basic","task":{"taskType":"basic","id":"task1","numCollected":500,"internalOffset":0,"taskOptions":"{\"options\":{\"0\":{\"layout\":\"Grid\",\"alignment\":{\"label\":[\"OptionGroupID\",\"OptionID\",\"OptionName\"]}}},\"ornament\":false}","qs":{"qsType":"FRAME","frameName":"FRAME","isDistinct":true,"overrideImplicit":false,"limit":500,"offset":0,"relations":"[]","selectors":[{"type":"COLUMN","content":{"table":"FRAME","column":"OptionGroupID","alias":"OptionGroupID","tableAlias":null}},{"type":"COLUMN","content":{"table":"FRAME","column":"OptionID","alias":"OptionID","tableAlias":null}},{"type":"COLUMN","content":{"table":"FRAME","column":"OptionName","alias":"OptionName","tableAlias":null}}]}}}],"taskCounter":2},"recipe":["AddPanel ( 0 ) ;","Panel ( 0 ) | SetPanelView ( \"visualization\" ) ;","CreateFrame ( grid ) .as ( [ FRAME ] ) ;","Database ( \"595ebe4d-b6ae-4fbe-83bd-2e67d8f0ecb7\" ) | SelectTable ( options ) | Limit ( 500 ) | Import ( ) ;","Frame ( ) | QueryAll ( ) | AutoTaskOptions ( panel = [ \"0\" ] , layout = [ \"GRID\" ] ) | Collect ( 500 ) ;"]}