{"insightID":"b33f53c4-d1a0-4bbe-ae29-7a52836288c6","pixelReturn":[{"pixelExpression":"CachedPanel ( \"0\" ) ;","isMeta":false,"output":{"panelId":"0","view":"visualization","viewOptionsMap":{},"config":{},"ornaments":{},"events":{},"comments":{},"position":{},"filters":[],"order":[],"cbv":[]},"operationType":["CACHED_PANEL"]},{"pixelExpression":"Frame ( ) | QueryAll ( ) | AutoTaskOptions ( panel = [ \"0\" ] , layout = [ \"GRID\" ] ) | Collect ( 500 ) ;","isMeta":false,"output":{"data":{"values":[[1,1,"red"],[1,2,"blue"],[1,3,"green"],[2,7,"XL"],[2,5,"M"],[2,8,"XXL"],[2,6,"L"],[2,4,"S"],[3,10,"Leather"],[3,11,"Polyster"],[3,9,"Cotton"]],"headers":["OptionGroupID","OptionID","OptionName"],"rawHeaders":["OPTIONGROUPID","OPTIONID","OPTIONNAME"]},"headerInfo":[{"alias":"OptionGroupID","header":"FRAME__OptionGroupID","type":"NUMBER","derived":false},{"alias":"OptionID","header":"FRAME__OptionID","type":"NUMBER","derived":false},{"alias":"OptionName","header":"FRAME__OptionName","type":"STRING","derived":false}],"sortInfo":[],"numRows":11,"sources":[{"name":"FRAME","type":"FRAME"}],"numCollected":500,"taskOptions":{"0":{"layout":"Grid","alignment":{"label":["OptionGroupID","OptionID","OptionName"]}}},"format":{"type":"TABLE"},"filterInfo":[],"taskId":"task1"},"operationType":["TASK_DATA"]}]}