{"engineId":"595ebe4d-b6ae-4fbe-83bd-2e67d8f0ecb7","engineName":"Ecommerce","rdbmsId":"239d18fa-2f6d-493b-bb55-a582f5752179","varstore":{},"frames":[{"file":"@BaseFolder@/db/@ENGINE@/version/239d18fa-2f6d-493b-bb55-a582f5752179/FRAME812703.gz","meta":"@BaseFolder@/db/@ENGINE@/version/239d18fa-2f6d-493b-bb55-a582f5752179/METADATA__FRAME812703.owl","state":null,"type":"prerna.ds.rdbms.h2.H2Frame","name":"FRAME812703","keys":["$CUR_FRAME_KEY","FRAME812703"]}],"panels":[{"panelId":"0","panelLabel":null,"view":"visualization","viewOptions":"{\"type\":\"echarts\"}","viewOptionsMap":{"federate-view":{"app_id":"595ebe4d-b6ae-4fbe-83bd-2e67d8f0ecb7"},"visualization":{"type":"echarts"}},"config":{"type":"STANDARD","opacity":100,"labelOverride":false},"ornaments":{"tools":{"shared":{"colorName":"Four","backgroundColor":"#FFFFFF","color":{},"barImage":{"symbol":"Default (Bar)","borderRadius":0,"symbolSize":20,"repeat":true,"clip":true},"axisPointer":"shadow","toggleShadow":true}}},"events":{"onSingleClick":{"Unfilter":[{"disabledVisuals":["Grid","Sunburst"],"default":true,"query":"(<Frame> | UnfilterFrame(<SelectedColumn>));","options":{},"refresh":false,"disabled":false,"panel":""}]},"onBrush":{"Filter":[{"default":true,"query":"if((IsEmpty(<SelectedValues>)),(<Frame> | UnfilterFrame(<SelectedColumn>)), (<Frame> | SetFrameFilter(<SelectedColumn>==<SelectedValues>)));","options":{},"refresh":false,"disabled":false,"panel":""}]}},"comments":{},"position":{},"filters":[],"order":[],"cbv":[]}],"tasks":{"tasks":[{"type":"basic","task":{"taskType":"basic","id":"task1","numCollected":2000,"internalOffset":0,"taskOptions":"{\"options\":{\"0\":{\"layout\":\"Grid\",\"alignment\":{\"label\":[\"DetailOrderID\",\"DetailPrice\",\"DetailProductID\",\"OrderAmount\",\"OrderCity\",\"OrderUserID\",\"ProductName\",\"ProductPrice\",\"ProductSKU\",\"ProductStock\",\"UserCity\",\"UserFirstName\",\"UserPhone\"]}}},\"ornament\":false}","qs":{"qsType":"FRAME","frameName":"FRAME812703","isDistinct":true,"overrideImplicit":false,"limit":2000,"offset":0,"relations":"[]","selectors":[{"type":"COLUMN","content":{"table":"FRAME812703","column":"DetailOrderID","alias":"DetailOrderID","tableAlias":null}},{"type":"COLUMN","content":{"table":"FRAME812703","column":"DetailPrice","alias":"DetailPrice","tableAlias":null}},{"type":"COLUMN","content":{"table":"FRAME812703","column":"DetailProductID","alias":"DetailProductID","tableAlias":null}},{"type":"COLUMN","content":{"table":"FRAME812703","column":"OrderAmount","alias":"OrderAmount","tableAlias":null}},{"type":"COLUMN","content":{"table":"FRAME812703","column":"OrderCity","alias":"OrderCity","tableAlias":null}},{"type":"COLUMN","content":{"table":"FRAME812703","column":"OrderUserID","alias":"OrderUserID","tableAlias":null}},{"type":"COLUMN","content":{"table":"FRAME812703","column":"ProductName","alias":"ProductName","tableAlias":null}},{"type":"COLUMN","content":{"table":"FRAME812703","column":"ProductPrice","alias":"ProductPrice","tableAlias":null}},{"type":"COLUMN","content":{"table":"FRAME812703","column":"ProductSKU","alias":"ProductSKU","tableAlias":null}},{"type":"COLUMN","content":{"table":"FRAME812703","column":"ProductStock","alias":"ProductStock","tableAlias":null}},{"type":"COLUMN","content":{"table":"FRAME812703","column":"UserCity","alias":"UserCity","tableAlias":null}},{"type":"COLUMN","content":{"table":"FRAME812703","column":"UserFirstName","alias":"UserFirstName","tableAlias":null}},{"type":"COLUMN","content":{"table":"FRAME812703","column":"UserPhone","alias":"UserPhone","tableAlias":null}}]}}},{"type":"basic","task":{"taskType":"basic","id":"task3","numCollected":2000,"internalOffset":0,"taskOptions":"{\"options\":{\"0\":{\"layout\":\"Area\",\"alignment\":{\"tooltip\":[],\"label\":[\"UserFirstName\"],\"value\":[\"Count_of_ProductName\"],\"facet\":[]}}},\"ornament\":false}","qs":{"qsType":"FRAME","frameName":"FRAME812703","isDistinct":true,"overrideImplicit":false,"limit":2000,"offset":0,"relations":"[]","groups":["{\"column\":\"PRIM_KEY_PLACEHOLDER\",\"table\":\"UserFirstName\",\"alias\":\"\"}"],"selectors":[{"type":"COLUMN","content":{"table":"UserFirstName","column":"PRIM_KEY_PLACEHOLDER","alias":"UserFirstName","tableAlias":null}},{"type":"FUNCTION","content":{"alias":"Count_of_ProductName","function":"count","distinct":false,"colCast":"","innerSelectors":[{"type":"COLUMN","content":{"table":"ProductName","column":"PRIM_KEY_PLACEHOLDER","alias":"ProductName","tableAlias":null}}]}}]}}},{"type":"basic","task":{"taskType":"basic","id":"task5","numCollected":2000,"internalOffset":0,"taskOptions":"{\"options\":{\"0\":{\"layout\":\"Area\",\"alignment\":{\"tooltip\":[],\"label\":[\"ProductName\"],\"value\":[\"Count_of_ProductName\"],\"facet\":[]}}},\"ornament\":false}","qs":{"qsType":"FRAME","frameName":"FRAME812703","isDistinct":true,"overrideImplicit":false,"limit":2000,"offset":0,"relations":"[]","groups":["{\"column\":\"PRIM_KEY_PLACEHOLDER\",\"table\":\"ProductName\",\"alias\":\"\"}"],"selectors":[{"type":"COLUMN","content":{"table":"ProductName","column":"PRIM_KEY_PLACEHOLDER","alias":"ProductName","tableAlias":null}},{"type":"FUNCTION","content":{"alias":"Count_of_ProductName","function":"count","distinct":false,"colCast":"","innerSelectors":[{"type":"COLUMN","content":{"table":"ProductName","column":"PRIM_KEY_PLACEHOLDER","alias":"ProductName","tableAlias":null}}]}}]}}},{"type":"basic","task":{"taskType":"basic","id":"task7","numCollected":2000,"internalOffset":0,"taskOptions":"{\"options\":{\"0\":{\"layout\":\"Area\",\"alignment\":{\"tooltip\":[],\"label\":[\"ProductName\"],\"value\":[\"Count_of_ProductName\",\"Count_of_UserFirstName\"],\"facet\":[]}}},\"ornament\":false}","qs":{"qsType":"FRAME","frameName":"FRAME812703","isDistinct":true,"overrideImplicit":false,"limit":2000,"offset":0,"relations":"[]","groups":["{\"column\":\"PRIM_KEY_PLACEHOLDER\",\"table\":\"ProductName\",\"alias\":\"\"}"],"selectors":[{"type":"COLUMN","content":{"table":"ProductName","column":"PRIM_KEY_PLACEHOLDER","alias":"ProductName","tableAlias":null}},{"type":"FUNCTION","content":{"alias":"Count_of_ProductName","function":"count","distinct":false,"colCast":"","innerSelectors":[{"type":"COLUMN","content":{"table":"ProductName","column":"PRIM_KEY_PLACEHOLDER","alias":"ProductName","tableAlias":null}}]}},{"type":"FUNCTION","content":{"alias":"Count_of_UserFirstName","function":"count","distinct":false,"colCast":"","innerSelectors":[{"type":"COLUMN","content":{"table":"UserFirstName","column":"PRIM_KEY_PLACEHOLDER","alias":"UserFirstName","tableAlias":null}}]}}]}}},{"type":"basic","task":{"taskType":"basic","id":"task9","numCollected":2000,"internalOffset":0,"taskOptions":"{\"options\":{\"0\":{\"layout\":\"Area\",\"alignment\":{\"tooltip\":[],\"label\":[\"ProductName\"],\"value\":[\"Count_of_UserFirstName\"],\"facet\":[]}}},\"ornament\":false}","qs":{"qsType":"FRAME","frameName":"FRAME812703","isDistinct":true,"overrideImplicit":false,"limit":2000,"offset":0,"relations":"[]","groups":["{\"column\":\"PRIM_KEY_PLACEHOLDER\",\"table\":\"ProductName\",\"alias\":\"\"}"],"selectors":[{"type":"COLUMN","content":{"table":"ProductName","column":"PRIM_KEY_PLACEHOLDER","alias":"ProductName","tableAlias":null}},{"type":"FUNCTION","content":{"alias":"Count_of_UserFirstName","function":"count","distinct":false,"colCast":"","innerSelectors":[{"type":"COLUMN","content":{"table":"UserFirstName","column":"PRIM_KEY_PLACEHOLDER","alias":"UserFirstName","tableAlias":null}}]}}]}}},{"type":"basic","task":{"taskType":"basic","id":"task11","numCollected":2000,"internalOffset":0,"taskOptions":"{\"options\":{\"0\":{\"layout\":\"Area\",\"alignment\":{\"tooltip\":[],\"label\":[\"OrderCity\"],\"value\":[\"Count_of_ProductName\"],\"facet\":[]}}},\"ornament\":false}","qs":{"qsType":"FRAME","frameName":"FRAME812703","isDistinct":true,"overrideImplicit":false,"limit":2000,"offset":0,"relations":"[]","groups":["{\"column\":\"PRIM_KEY_PLACEHOLDER\",\"table\":\"OrderCity\",\"alias\":\"\"}"],"selectors":[{"type":"COLUMN","content":{"table":"OrderCity","column":"PRIM_KEY_PLACEHOLDER","alias":"OrderCity","tableAlias":null}},{"type":"FUNCTION","content":{"alias":"Count_of_ProductName","function":"count","distinct":false,"colCast":"","innerSelectors":[{"type":"COLUMN","content":{"table":"ProductName","column":"PRIM_KEY_PLACEHOLDER","alias":"ProductName","tableAlias":null}}]}}]}}},{"type":"basic","task":{"taskType":"basic","id":"task13","numCollected":2000,"internalOffset":0,"taskOptions":"{\"options\":{\"0\":{\"layout\":\"Column\",\"alignment\":{\"tooltip\":[],\"label\":[\"OrderCity\"],\"value\":[\"Count_of_ProductName\"],\"facet\":[]}}},\"ornament\":false}","qs":{"qsType":"FRAME","frameName":"FRAME812703","isDistinct":true,"overrideImplicit":false,"limit":2000,"offset":0,"relations":"[]","groups":["{\"column\":\"PRIM_KEY_PLACEHOLDER\",\"table\":\"OrderCity\",\"alias\":\"\"}"],"selectors":[{"type":"COLUMN","content":{"table":"OrderCity","column":"PRIM_KEY_PLACEHOLDER","alias":"OrderCity","tableAlias":null}},{"type":"FUNCTION","content":{"alias":"Count_of_ProductName","function":"count","distinct":false,"colCast":"","innerSelectors":[{"type":"COLUMN","content":{"table":"ProductName","column":"PRIM_KEY_PLACEHOLDER","alias":"ProductName","tableAlias":null}}]}}]}}},{"type":"basic","task":{"taskType":"basic","id":"task15","numCollected":2000,"internalOffset":0,"taskOptions":"{\"options\":{\"0\":{\"layout\":\"Column\",\"alignment\":{\"tooltip\":[],\"label\":[\"UserFirstName\"],\"value\":[\"Count_of_ProductName\"],\"facet\":[]}}},\"ornament\":false}","qs":{"qsType":"FRAME","frameName":"FRAME812703","isDistinct":true,"overrideImplicit":false,"limit":2000,"offset":0,"relations":"[]","groups":["{\"column\":\"PRIM_KEY_PLACEHOLDER\",\"table\":\"UserFirstName\",\"alias\":\"\"}"],"selectors":[{"type":"COLUMN","content":{"table":"UserFirstName","column":"PRIM_KEY_PLACEHOLDER","alias":"UserFirstName","tableAlias":null}},{"type":"FUNCTION","content":{"alias":"Count_of_ProductName","function":"count","distinct":false,"colCast":"","innerSelectors":[{"type":"COLUMN","content":{"table":"ProductName","column":"PRIM_KEY_PLACEHOLDER","alias":"ProductName","tableAlias":null}}]}}]}}},{"type":"basic","task":{"taskType":"basic","id":"task17","numCollected":2000,"internalOffset":0,"taskOptions":"{\"options\":{\"0\":{\"layout\":\"Column\",\"alignment\":{\"tooltip\":[],\"label\":[\"UserFirstName\"],\"value\":[\"Count_of_ProductName\",\"Average_of_OrderAmount\"],\"facet\":[]}}},\"ornament\":false}","qs":{"qsType":"FRAME","frameName":"FRAME812703","isDistinct":true,"overrideImplicit":false,"limit":2000,"offset":0,"relations":"[]","groups":["{\"column\":\"PRIM_KEY_PLACEHOLDER\",\"table\":\"UserFirstName\",\"alias\":\"\"}"],"selectors":[{"type":"COLUMN","content":{"table":"UserFirstName","column":"PRIM_KEY_PLACEHOLDER","alias":"UserFirstName","tableAlias":null}},{"type":"FUNCTION","content":{"alias":"Count_of_ProductName","function":"count","distinct":false,"colCast":"","innerSelectors":[{"type":"COLUMN","content":{"table":"ProductName","column":"PRIM_KEY_PLACEHOLDER","alias":"ProductName","tableAlias":null}}]}},{"type":"FUNCTION","content":{"alias":"Average_of_OrderAmount","function":"mean","distinct":false,"colCast":"","innerSelectors":[{"type":"COLUMN","content":{"table":"OrderAmount","column":"PRIM_KEY_PLACEHOLDER","alias":"OrderAmount","tableAlias":null}}]}}]}}},{"type":"basic","task":{"taskType":"basic","id":"task19","numCollected":2000,"internalOffset":0,"taskOptions":"{\"options\":{\"0\":{\"layout\":\"Column\",\"alignment\":{\"tooltip\":[],\"label\":[\"UserFirstName\"],\"value\":[\"Average_of_OrderAmount\"],\"facet\":[]}}},\"ornament\":false}","qs":{"qsType":"FRAME","frameName":"FRAME812703","isDistinct":true,"overrideImplicit":false,"limit":2000,"offset":0,"relations":"[]","groups":["{\"column\":\"PRIM_KEY_PLACEHOLDER\",\"table\":\"UserFirstName\",\"alias\":\"\"}"],"selectors":[{"type":"COLUMN","content":{"table":"UserFirstName","column":"PRIM_KEY_PLACEHOLDER","alias":"UserFirstName","tableAlias":null}},{"type":"FUNCTION","content":{"alias":"Average_of_OrderAmount","function":"mean","distinct":false,"colCast":"","innerSelectors":[{"type":"COLUMN","content":{"table":"OrderAmount","column":"PRIM_KEY_PLACEHOLDER","alias":"OrderAmount","tableAlias":null}}]}}]}}},{"type":"basic","task":{"taskType":"basic","id":"task21","numCollected":2000,"internalOffset":0,"taskOptions":"{\"options\":{\"0\":{\"layout\":\"Column\",\"alignment\":{\"tooltip\":[],\"label\":[\"UserFirstName\"],\"value\":[\"Sum_of_OrderAmount\"],\"facet\":[]}}},\"ornament\":false}","qs":{"qsType":"FRAME","frameName":"FRAME812703","isDistinct":true,"overrideImplicit":false,"limit":2000,"offset":0,"relations":"[]","groups":["{\"column\":\"PRIM_KEY_PLACEHOLDER\",\"table\":\"UserFirstName\",\"alias\":\"\"}"],"selectors":[{"type":"COLUMN","content":{"table":"UserFirstName","column":"PRIM_KEY_PLACEHOLDER","alias":"UserFirstName","tableAlias":null}},{"type":"FUNCTION","content":{"alias":"Sum_of_OrderAmount","function":"sum","distinct":false,"colCast":"","innerSelectors":[{"type":"COLUMN","content":{"table":"OrderAmount","column":"PRIM_KEY_PLACEHOLDER","alias":"OrderAmount","tableAlias":null}}]}}]}}},{"type":"basic","task":{"taskType":"basic","id":"task23","numCollected":2000,"internalOffset":0,"taskOptions":"{\"options\":{\"0\":{\"layout\":\"Column\",\"alignment\":{\"tooltip\":[],\"label\":[\"UserFirstName\"],\"value\":[\"Count_of_OrderAmount\"],\"facet\":[]}}},\"ornament\":false}","qs":{"qsType":"FRAME","frameName":"FRAME812703","isDistinct":true,"overrideImplicit":false,"limit":2000,"offset":0,"relations":"[]","groups":["{\"column\":\"PRIM_KEY_PLACEHOLDER\",\"table\":\"UserFirstName\",\"alias\":\"\"}"],"selectors":[{"type":"COLUMN","content":{"table":"UserFirstName","column":"PRIM_KEY_PLACEHOLDER","alias":"UserFirstName","tableAlias":null}},{"type":"FUNCTION","content":{"alias":"Count_of_OrderAmount","function":"count","distinct":false,"colCast":"","innerSelectors":[{"type":"COLUMN","content":{"table":"OrderAmount","column":"PRIM_KEY_PLACEHOLDER","alias":"OrderAmount","tableAlias":null}}]}}]}}},{"type":"basic","task":{"taskType":"basic","id":"task25","numCollected":2000,"internalOffset":0,"taskOptions":"{\"options\":{\"0\":{\"layout\":\"Column\",\"alignment\":{\"tooltip\":[],\"label\":[\"UserFirstName\"],\"value\":[\"Max_of_OrderAmount\"],\"facet\":[]}}},\"ornament\":false}","qs":{"qsType":"FRAME","frameName":"FRAME812703","isDistinct":true,"overrideImplicit":false,"limit":2000,"offset":0,"relations":"[]","groups":["{\"column\":\"PRIM_KEY_PLACEHOLDER\",\"table\":\"UserFirstName\",\"alias\":\"\"}"],"selectors":[{"type":"COLUMN","content":{"table":"UserFirstName","column":"PRIM_KEY_PLACEHOLDER","alias":"UserFirstName","tableAlias":null}},{"type":"FUNCTION","content":{"alias":"Max_of_OrderAmount","function":"max","distinct":false,"colCast":"","innerSelectors":[{"type":"COLUMN","content":{"table":"OrderAmount","column":"PRIM_KEY_PLACEHOLDER","alias":"OrderAmount","tableAlias":null}}]}}]}}},{"type":"basic","task":{"taskType":"basic","id":"task27","numCollected":2000,"internalOffset":0,"taskOptions":"{\"options\":{\"0\":{\"layout\":\"Column\",\"alignment\":{\"tooltip\":[],\"label\":[\"ProductName\"],\"value\":[\"Max_of_OrderAmount\"],\"facet\":[]}}},\"ornament\":false}","qs":{"qsType":"FRAME","frameName":"FRAME812703","isDistinct":true,"overrideImplicit":false,"limit":2000,"offset":0,"relations":"[]","groups":["{\"column\":\"PRIM_KEY_PLACEHOLDER\",\"table\":\"ProductName\",\"alias\":\"\"}"],"selectors":[{"type":"COLUMN","content":{"table":"ProductName","column":"PRIM_KEY_PLACEHOLDER","alias":"ProductName","tableAlias":null}},{"type":"FUNCTION","content":{"alias":"Max_of_OrderAmount","function":"max","distinct":false,"colCast":"","innerSelectors":[{"type":"COLUMN","content":{"table":"OrderAmount","column":"PRIM_KEY_PLACEHOLDER","alias":"OrderAmount","tableAlias":null}}]}}]}}},{"type":"basic","task":{"taskType":"basic","id":"task29","numCollected":2000,"internalOffset":0,"taskOptions":"{\"options\":{\"0\":{\"layout\":\"Column\",\"alignment\":{\"tooltip\":[],\"label\":[\"ProductName\"],\"value\":[\"Average_of_ProductStock\",\"Max_of_OrderAmount\"],\"facet\":[]}}},\"ornament\":false}","qs":{"qsType":"FRAME","frameName":"FRAME812703","isDistinct":true,"overrideImplicit":false,"limit":2000,"offset":0,"relations":"[]","groups":["{\"column\":\"PRIM_KEY_PLACEHOLDER\",\"table\":\"ProductName\",\"alias\":\"\"}"],"selectors":[{"type":"COLUMN","content":{"table":"ProductName","column":"PRIM_KEY_PLACEHOLDER","alias":"ProductName","tableAlias":null}},{"type":"FUNCTION","content":{"alias":"Average_of_ProductStock","function":"mean","distinct":false,"colCast":"","innerSelectors":[{"type":"COLUMN","content":{"table":"ProductStock","column":"PRIM_KEY_PLACEHOLDER","alias":"ProductStock","tableAlias":null}}]}},{"type":"FUNCTION","content":{"alias":"Max_of_OrderAmount","function":"max","distinct":false,"colCast":"","innerSelectors":[{"type":"COLUMN","content":{"table":"OrderAmount","column":"PRIM_KEY_PLACEHOLDER","alias":"OrderAmount","tableAlias":null}}]}}]}}},{"type":"basic","task":{"taskType":"basic","id":"task31","numCollected":2000,"internalOffset":0,"taskOptions":"{\"options\":{\"0\":{\"layout\":\"Column\",\"alignment\":{\"tooltip\":[],\"label\":[\"ProductName\"],\"value\":[\"Average_of_ProductStock\"],\"facet\":[]}}},\"ornament\":false}","qs":{"qsType":"FRAME","frameName":"FRAME812703","isDistinct":true,"overrideImplicit":false,"limit":2000,"offset":0,"relations":"[]","groups":["{\"column\":\"PRIM_KEY_PLACEHOLDER\",\"table\":\"ProductName\",\"alias\":\"\"}"],"selectors":[{"type":"COLUMN","content":{"table":"ProductName","column":"PRIM_KEY_PLACEHOLDER","alias":"ProductName","tableAlias":null}},{"type":"FUNCTION","content":{"alias":"Average_of_ProductStock","function":"mean","distinct":false,"colCast":"","innerSelectors":[{"type":"COLUMN","content":{"table":"ProductStock","column":"PRIM_KEY_PLACEHOLDER","alias":"ProductStock","tableAlias":null}}]}}]}}},{"type":"basic","task":{"taskType":"basic","id":"task33","numCollected":2000,"internalOffset":0,"taskOptions":"{\"options\":{\"0\":{\"layout\":\"Column\",\"alignment\":{\"tooltip\":[],\"label\":[\"ProductName\"],\"value\":[\"Count_of_ProductStock\"],\"facet\":[]}}},\"ornament\":false}","qs":{"qsType":"FRAME","frameName":"FRAME812703","isDistinct":true,"overrideImplicit":false,"limit":2000,"offset":0,"relations":"[]","groups":["{\"column\":\"PRIM_KEY_PLACEHOLDER\",\"table\":\"ProductName\",\"alias\":\"\"}"],"selectors":[{"type":"COLUMN","content":{"table":"ProductName","column":"PRIM_KEY_PLACEHOLDER","alias":"ProductName","tableAlias":null}},{"type":"FUNCTION","content":{"alias":"Count_of_ProductStock","function":"count","distinct":false,"colCast":"","innerSelectors":[{"type":"COLUMN","content":{"table":"ProductStock","column":"PRIM_KEY_PLACEHOLDER","alias":"ProductStock","tableAlias":null}}]}}]}}},{"type":"basic","task":{"taskType":"basic","id":"task35","numCollected":2000,"internalOffset":0,"taskOptions":"{\"options\":{\"0\":{\"layout\":\"Column\",\"alignment\":{\"tooltip\":[],\"label\":[\"ProductName\"],\"value\":[\"Average_of_ProductStock\"],\"facet\":[]}}},\"ornament\":false}","qs":{"qsType":"FRAME","frameName":"FRAME812703","isDistinct":true,"overrideImplicit":false,"limit":2000,"offset":0,"relations":"[]","groups":["{\"column\":\"PRIM_KEY_PLACEHOLDER\",\"table\":\"ProductName\",\"alias\":\"\"}"],"selectors":[{"type":"COLUMN","content":{"table":"ProductName","column":"PRIM_KEY_PLACEHOLDER","alias":"ProductName","tableAlias":null}},{"type":"FUNCTION","content":{"alias":"Average_of_ProductStock","function":"mean","distinct":false,"colCast":"","innerSelectors":[{"type":"COLUMN","content":{"table":"ProductStock","column":"PRIM_KEY_PLACEHOLDER","alias":"ProductStock","tableAlias":null}}]}}]}}},{"type":"basic","task":{"taskType":"basic","id":"task37","numCollected":2000,"internalOffset":0,"taskOptions":"{\"options\":{\"0\":{\"layout\":\"Column\",\"alignment\":{\"tooltip\":[],\"label\":[\"ProductName\"],\"value\":[\"Sum_of_ProductStock\"],\"facet\":[]}}},\"ornament\":false}","qs":{"qsType":"FRAME","frameName":"FRAME812703","isDistinct":true,"overrideImplicit":false,"limit":2000,"offset":0,"relations":"[]","groups":["{\"column\":\"PRIM_KEY_PLACEHOLDER\",\"table\":\"ProductName\",\"alias\":\"\"}"],"selectors":[{"type":"COLUMN","content":{"table":"ProductName","column":"PRIM_KEY_PLACEHOLDER","alias":"ProductName","tableAlias":null}},{"type":"FUNCTION","content":{"alias":"Sum_of_ProductStock","function":"sum","distinct":false,"colCast":"","innerSelectors":[{"type":"COLUMN","content":{"table":"ProductStock","column":"PRIM_KEY_PLACEHOLDER","alias":"ProductStock","tableAlias":null}}]}}]}}},{"type":"basic","task":{"taskType":"basic","id":"task39","numCollected":2000,"internalOffset":0,"taskOptions":"{\"options\":{\"0\":{\"layout\":\"Column\",\"alignment\":{\"tooltip\":[],\"label\":[\"ProductSKU\"],\"value\":[\"Sum_of_ProductStock\"],\"facet\":[]}}},\"ornament\":false}","qs":{"qsType":"FRAME","frameName":"FRAME812703","isDistinct":true,"overrideImplicit":false,"limit":2000,"offset":0,"relations":"[]","groups":["{\"column\":\"PRIM_KEY_PLACEHOLDER\",\"table\":\"ProductSKU\",\"alias\":\"\"}"],"selectors":[{"type":"COLUMN","content":{"table":"ProductSKU","column":"PRIM_KEY_PLACEHOLDER","alias":"ProductSKU","tableAlias":null}},{"type":"FUNCTION","content":{"alias":"Sum_of_ProductStock","function":"sum","distinct":false,"colCast":"","innerSelectors":[{"type":"COLUMN","content":{"table":"ProductStock","column":"PRIM_KEY_PLACEHOLDER","alias":"ProductStock","tableAlias":null}}]}}]}}},{"type":"basic","task":{"taskType":"basic","id":"task41","numCollected":2000,"internalOffset":0,"taskOptions":"{\"options\":{\"0\":{\"layout\":\"Column\",\"alignment\":{\"tooltip\":[],\"label\":[\"ProductPrice\"],\"value\":[\"Sum_of_ProductStock\"],\"facet\":[]}}},\"ornament\":false}","qs":{"qsType":"FRAME","frameName":"FRAME812703","isDistinct":true,"overrideImplicit":false,"limit":2000,"offset":0,"relations":"[]","groups":["{\"column\":\"PRIM_KEY_PLACEHOLDER\",\"table\":\"ProductPrice\",\"alias\":\"\"}"],"selectors":[{"type":"COLUMN","content":{"table":"ProductPrice","column":"PRIM_KEY_PLACEHOLDER","alias":"ProductPrice","tableAlias":null}},{"type":"FUNCTION","content":{"alias":"Sum_of_ProductStock","function":"sum","distinct":false,"colCast":"","innerSelectors":[{"type":"COLUMN","content":{"table":"ProductStock","column":"PRIM_KEY_PLACEHOLDER","alias":"ProductStock","tableAlias":null}}]}}]}}},{"type":"basic","task":{"taskType":"basic","id":"task43","numCollected":2000,"internalOffset":0,"taskOptions":"{\"options\":{\"0\":{\"layout\":\"Column\",\"alignment\":{\"tooltip\":[],\"label\":[\"OrderCity\"],\"value\":[\"Average_of_DetailOrderID\"],\"facet\":[]}}},\"ornament\":false}","qs":{"qsType":"FRAME","frameName":"FRAME812703","isDistinct":true,"overrideImplicit":false,"limit":2000,"offset":0,"relations":"[]","groups":["{\"column\":\"PRIM_KEY_PLACEHOLDER\",\"table\":\"OrderCity\",\"alias\":\"\"}"],"selectors":[{"type":"COLUMN","content":{"table":"OrderCity","column":"PRIM_KEY_PLACEHOLDER","alias":"OrderCity","tableAlias":null}},{"type":"FUNCTION","content":{"alias":"Average_of_DetailOrderID","function":"mean","distinct":false,"colCast":"","innerSelectors":[{"type":"COLUMN","content":{"table":"DetailOrderID","column":"PRIM_KEY_PLACEHOLDER","alias":"DetailOrderID","tableAlias":null}}]}}]}}},{"type":"basic","task":{"taskType":"basic","id":"task45","numCollected":2000,"internalOffset":0,"taskOptions":"{\"options\":{\"0\":{\"layout\":\"Column\",\"alignment\":{\"tooltip\":[],\"label\":[\"OrderCity\"],\"value\":[\"Sum_of_DetailOrderID\"],\"facet\":[]}}},\"ornament\":false}","qs":{"qsType":"FRAME","frameName":"FRAME812703","isDistinct":true,"overrideImplicit":false,"limit":2000,"offset":0,"relations":"[]","groups":["{\"column\":\"PRIM_KEY_PLACEHOLDER\",\"table\":\"OrderCity\",\"alias\":\"\"}"],"selectors":[{"type":"COLUMN","content":{"table":"OrderCity","column":"PRIM_KEY_PLACEHOLDER","alias":"OrderCity","tableAlias":null}},{"type":"FUNCTION","content":{"alias":"Sum_of_DetailOrderID","function":"sum","distinct":false,"colCast":"","innerSelectors":[{"type":"COLUMN","content":{"table":"DetailOrderID","column":"PRIM_KEY_PLACEHOLDER","alias":"DetailOrderID","tableAlias":null}}]}}]}}},{"type":"basic","task":{"taskType":"basic","id":"task47","numCollected":2000,"internalOffset":0,"taskOptions":"{\"options\":{\"0\":{\"layout\":\"Column\",\"alignment\":{\"tooltip\":[],\"label\":[\"OrderCity\"],\"value\":[\"Average_of_DetailOrderID\"],\"facet\":[]}}},\"ornament\":false}","qs":{"qsType":"FRAME","frameName":"FRAME812703","isDistinct":true,"overrideImplicit":false,"limit":2000,"offset":0,"relations":"[]","groups":["{\"column\":\"PRIM_KEY_PLACEHOLDER\",\"table\":\"OrderCity\",\"alias\":\"\"}"],"selectors":[{"type":"COLUMN","content":{"table":"OrderCity","column":"PRIM_KEY_PLACEHOLDER","alias":"OrderCity","tableAlias":null}},{"type":"FUNCTION","content":{"alias":"Average_of_DetailOrderID","function":"mean","distinct":false,"colCast":"","innerSelectors":[{"type":"COLUMN","content":{"table":"DetailOrderID","column":"PRIM_KEY_PLACEHOLDER","alias":"DetailOrderID","tableAlias":null}}]}}]}}},{"type":"basic","task":{"taskType":"basic","id":"task49","numCollected":2000,"internalOffset":0,"taskOptions":"{\"options\":{\"0\":{\"layout\":\"Column\",\"alignment\":{\"tooltip\":[],\"label\":[\"OrderCity\"],\"value\":[\"Max_of_DetailOrderID\"],\"facet\":[]}}},\"ornament\":false}","qs":{"qsType":"FRAME","frameName":"FRAME812703","isDistinct":true,"overrideImplicit":false,"limit":2000,"offset":0,"relations":"[]","groups":["{\"column\":\"PRIM_KEY_PLACEHOLDER\",\"table\":\"OrderCity\",\"alias\":\"\"}"],"selectors":[{"type":"COLUMN","content":{"table":"OrderCity","column":"PRIM_KEY_PLACEHOLDER","alias":"OrderCity","tableAlias":null}},{"type":"FUNCTION","content":{"alias":"Max_of_DetailOrderID","function":"max","distinct":false,"colCast":"","innerSelectors":[{"type":"COLUMN","content":{"table":"DetailOrderID","column":"PRIM_KEY_PLACEHOLDER","alias":"DetailOrderID","tableAlias":null}}]}}]}}},{"type":"basic","task":{"taskType":"basic","id":"task51","numCollected":2000,"internalOffset":0,"taskOptions":"{\"options\":{\"0\":{\"layout\":\"Column\",\"alignment\":{\"tooltip\":[],\"label\":[\"OrderCity\"],\"value\":[\"Count_of_DetailOrderID\"],\"facet\":[]}}},\"ornament\":false}","qs":{"qsType":"FRAME","frameName":"FRAME812703","isDistinct":true,"overrideImplicit":false,"limit":2000,"offset":0,"relations":"[]","groups":["{\"column\":\"PRIM_KEY_PLACEHOLDER\",\"table\":\"OrderCity\",\"alias\":\"\"}"],"selectors":[{"type":"COLUMN","content":{"table":"OrderCity","column":"PRIM_KEY_PLACEHOLDER","alias":"OrderCity","tableAlias":null}},{"type":"FUNCTION","content":{"alias":"Count_of_DetailOrderID","function":"count","distinct":false,"colCast":"","innerSelectors":[{"type":"COLUMN","content":{"table":"DetailOrderID","column":"PRIM_KEY_PLACEHOLDER","alias":"DetailOrderID","tableAlias":null}}]}}]}}},{"type":"basic","task":{"taskType":"basic","id":"task53","numCollected":2000,"internalOffset":0,"taskOptions":"{\"options\":{\"0\":{\"layout\":\"Column\",\"alignment\":{\"tooltip\":[],\"label\":[\"OrderCity\"],\"value\":[\"Count_of_DetailOrderID\"],\"facet\":[]}}},\"ornament\":false}","qs":{"qsType":"FRAME","frameName":"FRAME812703","isDistinct":true,"overrideImplicit":false,"limit":2000,"offset":0,"relations":"[]","groups":["{\"column\":\"PRIM_KEY_PLACEHOLDER\",\"table\":\"OrderCity\",\"alias\":\"\"}"],"selectors":[{"type":"COLUMN","content":{"table":"OrderCity","column":"PRIM_KEY_PLACEHOLDER","alias":"OrderCity","tableAlias":null}},{"type":"FUNCTION","content":{"alias":"Count_of_DetailOrderID","function":"count","distinct":false,"colCast":"","innerSelectors":[{"type":"COLUMN","content":{"table":"DetailOrderID","column":"PRIM_KEY_PLACEHOLDER","alias":"DetailOrderID","tableAlias":null}}]}}]}}},{"type":"basic","task":{"taskType":"basic","id":"task55","numCollected":2000,"internalOffset":0,"taskOptions":"{\"options\":{\"0\":{\"layout\":\"Column\",\"alignment\":{\"tooltip\":[],\"label\":[\"OrderCity\"],\"value\":[\"Count_of_DetailOrderID\"],\"facet\":[]}}},\"ornament\":false}","qs":{"qsType":"FRAME","frameName":"FRAME812703","isDistinct":true,"overrideImplicit":false,"limit":2000,"offset":0,"relations":"[]","groups":["{\"column\":\"PRIM_KEY_PLACEHOLDER\",\"table\":\"OrderCity\",\"alias\":\"\"}"],"selectors":[{"type":"COLUMN","content":{"table":"OrderCity","column":"PRIM_KEY_PLACEHOLDER","alias":"OrderCity","tableAlias":null}},{"type":"FUNCTION","content":{"alias":"Count_of_DetailOrderID","function":"count","distinct":false,"colCast":"","innerSelectors":[{"type":"COLUMN","content":{"table":"DetailOrderID","column":"PRIM_KEY_PLACEHOLDER","alias":"DetailOrderID","tableAlias":null}}]}}]}}},{"type":"basic","task":{"taskType":"basic","id":"task57","numCollected":2000,"internalOffset":0,"taskOptions":"{\"options\":{\"0\":{\"layout\":\"Area\",\"alignment\":{\"tooltip\":[],\"label\":[\"OrderCity\"],\"value\":[\"Count_of_ProductName\"],\"facet\":[]}}},\"ornament\":false}","qs":{"qsType":"FRAME","frameName":"FRAME812703","isDistinct":true,"overrideImplicit":false,"limit":2000,"offset":0,"relations":"[]","groups":["{\"column\":\"PRIM_KEY_PLACEHOLDER\",\"table\":\"OrderCity\",\"alias\":\"\"}"],"selectors":[{"type":"COLUMN","content":{"table":"OrderCity","column":"PRIM_KEY_PLACEHOLDER","alias":"OrderCity","tableAlias":null}},{"type":"FUNCTION","content":{"alias":"Count_of_ProductName","function":"count","distinct":false,"colCast":"","innerSelectors":[{"type":"COLUMN","content":{"table":"ProductName","column":"PRIM_KEY_PLACEHOLDER","alias":"ProductName","tableAlias":null}}]}}]}}},{"type":"basic","task":{"taskType":"basic","id":"task59","numCollected":2000,"internalOffset":0,"taskOptions":"{\"options\":{\"0\":{\"layout\":\"Column\",\"alignment\":{\"tooltip\":[],\"label\":[\"OrderCity\"],\"value\":[\"Count_of_DetailOrderID\"],\"facet\":[]}}},\"ornament\":false}","qs":{"qsType":"FRAME","frameName":"FRAME812703","isDistinct":true,"overrideImplicit":false,"limit":2000,"offset":0,"relations":"[]","groups":["{\"column\":\"PRIM_KEY_PLACEHOLDER\",\"table\":\"OrderCity\",\"alias\":\"\"}"],"selectors":[{"type":"COLUMN","content":{"table":"OrderCity","column":"PRIM_KEY_PLACEHOLDER","alias":"OrderCity","tableAlias":null}},{"type":"FUNCTION","content":{"alias":"Count_of_DetailOrderID","function":"count","distinct":false,"colCast":"","innerSelectors":[{"type":"COLUMN","content":{"table":"DetailOrderID","column":"PRIM_KEY_PLACEHOLDER","alias":"DetailOrderID","tableAlias":null}}]}}]}}},{"type":"basic","task":{"taskType":"basic","id":"task61","numCollected":2000,"internalOffset":0,"taskOptions":"{\"options\":{\"0\":{\"layout\":\"Column\",\"alignment\":{\"tooltip\":[],\"label\":[\"OrderCity\"],\"value\":[\"Count_of_DetailOrderID\"],\"facet\":[]}}},\"ornament\":false}","qs":{"qsType":"FRAME","frameName":"FRAME812703","isDistinct":true,"overrideImplicit":false,"limit":2000,"offset":0,"relations":"[]","groups":["{\"column\":\"PRIM_KEY_PLACEHOLDER\",\"table\":\"OrderCity\",\"alias\":\"\"}"],"selectors":[{"type":"COLUMN","content":{"table":"OrderCity","column":"PRIM_KEY_PLACEHOLDER","alias":"OrderCity","tableAlias":null}},{"type":"FUNCTION","content":{"alias":"Count_of_DetailOrderID","function":"count","distinct":false,"colCast":"","innerSelectors":[{"type":"COLUMN","content":{"table":"DetailOrderID","column":"PRIM_KEY_PLACEHOLDER","alias":"DetailOrderID","tableAlias":null}}]}}]}}},{"type":"basic","task":{"taskType":"basic","id":"task63","numCollected":2000,"internalOffset":0,"taskOptions":"{\"options\":{\"0\":{\"layout\":\"Column\",\"alignment\":{\"tooltip\":[],\"label\":[\"OrderCity\"],\"value\":[\"Count_of_DetailOrderID\"],\"facet\":[]}}},\"ornament\":false}","qs":{"qsType":"FRAME","frameName":"FRAME812703","isDistinct":true,"overrideImplicit":false,"limit":2000,"offset":0,"relations":"[]","groups":["{\"column\":\"PRIM_KEY_PLACEHOLDER\",\"table\":\"OrderCity\",\"alias\":\"\"}"],"selectors":[{"type":"COLUMN","content":{"table":"OrderCity","column":"PRIM_KEY_PLACEHOLDER","alias":"OrderCity","tableAlias":null}},{"type":"FUNCTION","content":{"alias":"Count_of_DetailOrderID","function":"count","distinct":false,"colCast":"","innerSelectors":[{"type":"COLUMN","content":{"table":"DetailOrderID","column":"PRIM_KEY_PLACEHOLDER","alias":"DetailOrderID","tableAlias":null}}]}}]}}},{"type":"basic","task":{"taskType":"basic","id":"task65","numCollected":2000,"internalOffset":0,"taskOptions":"{\"options\":{\"0\":{\"layout\":\"Column\",\"alignment\":{\"tooltip\":[],\"label\":[\"UserFirstName\"],\"value\":[\"Count_of_DetailOrderID\"],\"facet\":[]}}},\"ornament\":false}","qs":{"qsType":"FRAME","frameName":"FRAME812703","isDistinct":true,"overrideImplicit":false,"limit":2000,"offset":0,"relations":"[]","groups":["{\"column\":\"PRIM_KEY_PLACEHOLDER\",\"table\":\"UserFirstName\",\"alias\":\"\"}"],"selectors":[{"type":"COLUMN","content":{"table":"UserFirstName","column":"PRIM_KEY_PLACEHOLDER","alias":"UserFirstName","tableAlias":null}},{"type":"FUNCTION","content":{"alias":"Count_of_DetailOrderID","function":"count","distinct":false,"colCast":"","innerSelectors":[{"type":"COLUMN","content":{"table":"DetailOrderID","column":"PRIM_KEY_PLACEHOLDER","alias":"DetailOrderID","tableAlias":null}}]}}]}}},{"type":"basic","task":{"taskType":"basic","id":"task67","numCollected":2000,"internalOffset":0,"taskOptions":"{\"options\":{\"0\":{\"layout\":\"Area\",\"alignment\":{\"tooltip\":[],\"label\":[\"OrderCity\"],\"value\":[\"Count_of_ProductName\"],\"facet\":[]}}},\"ornament\":false}","qs":{"qsType":"FRAME","frameName":"FRAME812703","isDistinct":true,"overrideImplicit":false,"limit":2000,"offset":0,"relations":"[]","groups":["{\"column\":\"PRIM_KEY_PLACEHOLDER\",\"table\":\"OrderCity\",\"alias\":\"\"}"],"selectors":[{"type":"COLUMN","content":{"table":"OrderCity","column":"PRIM_KEY_PLACEHOLDER","alias":"OrderCity","tableAlias":null}},{"type":"FUNCTION","content":{"alias":"Count_of_ProductName","function":"count","distinct":false,"colCast":"","innerSelectors":[{"type":"COLUMN","content":{"table":"ProductName","column":"PRIM_KEY_PLACEHOLDER","alias":"ProductName","tableAlias":null}}]}}]}}},{"type":"basic","task":{"taskType":"basic","id":"task69","numCollected":2000,"internalOffset":0,"taskOptions":"{\"options\":{\"0\":{\"layout\":\"Column\",\"alignment\":{\"tooltip\":[],\"label\":[\"UserFirstName\"],\"value\":[\"Count_of_DetailOrderID\"],\"facet\":[]}}},\"ornament\":false}","qs":{"qsType":"FRAME","frameName":"FRAME812703","isDistinct":true,"overrideImplicit":false,"limit":2000,"offset":0,"relations":"[]","groups":["{\"column\":\"PRIM_KEY_PLACEHOLDER\",\"table\":\"UserFirstName\",\"alias\":\"\"}"],"selectors":[{"type":"COLUMN","content":{"table":"UserFirstName","column":"PRIM_KEY_PLACEHOLDER","alias":"UserFirstName","tableAlias":null}},{"type":"FUNCTION","content":{"alias":"Count_of_DetailOrderID","function":"count","distinct":false,"colCast":"","innerSelectors":[{"type":"COLUMN","content":{"table":"DetailOrderID","column":"PRIM_KEY_PLACEHOLDER","alias":"DetailOrderID","tableAlias":null}}]}}]}}},{"type":"basic","task":{"taskType":"basic","id":"task71","numCollected":2000,"internalOffset":0,"taskOptions":"{\"options\":{\"0\":{\"layout\":\"Column\",\"alignment\":{\"tooltip\":[],\"label\":[\"UserFirstName\"],\"value\":[\"Count_of_DetailOrderID\"],\"facet\":[]}}},\"ornament\":false}","qs":{"qsType":"FRAME","frameName":"FRAME812703","isDistinct":true,"overrideImplicit":false,"limit":2000,"offset":0,"relations":"[]","groups":["{\"column\":\"PRIM_KEY_PLACEHOLDER\",\"table\":\"UserFirstName\",\"alias\":\"\"}"],"selectors":[{"type":"COLUMN","content":{"table":"UserFirstName","column":"PRIM_KEY_PLACEHOLDER","alias":"UserFirstName","tableAlias":null}},{"type":"FUNCTION","content":{"alias":"Count_of_DetailOrderID","function":"count","distinct":false,"colCast":"","innerSelectors":[{"type":"COLUMN","content":{"table":"DetailOrderID","column":"PRIM_KEY_PLACEHOLDER","alias":"DetailOrderID","tableAlias":null}}]}}]}}},{"type":"basic","task":{"taskType":"basic","id":"task73","numCollected":2000,"internalOffset":0,"taskOptions":"{\"options\":{\"0\":{\"layout\":\"Column\",\"alignment\":{\"tooltip\":[],\"label\":[\"ProductName\"],\"value\":[\"Count_of_DetailOrderID\"],\"facet\":[]}}},\"ornament\":false}","qs":{"qsType":"FRAME","frameName":"FRAME812703","isDistinct":true,"overrideImplicit":false,"limit":2000,"offset":0,"relations":"[]","groups":["{\"column\":\"PRIM_KEY_PLACEHOLDER\",\"table\":\"ProductName\",\"alias\":\"\"}"],"selectors":[{"type":"COLUMN","content":{"table":"ProductName","column":"PRIM_KEY_PLACEHOLDER","alias":"ProductName","tableAlias":null}},{"type":"FUNCTION","content":{"alias":"Count_of_DetailOrderID","function":"count","distinct":false,"colCast":"","innerSelectors":[{"type":"COLUMN","content":{"table":"DetailOrderID","column":"PRIM_KEY_PLACEHOLDER","alias":"DetailOrderID","tableAlias":null}}]}}]}}},{"type":"basic","task":{"taskType":"basic","id":"task75","numCollected":2000,"internalOffset":0,"taskOptions":"{\"options\":{\"0\":{\"layout\":\"Column\",\"alignment\":{\"tooltip\":[],\"label\":[\"ProductName\"],\"value\":[\"Average_of_ProductStock\",\"Count_of_DetailOrderID\"],\"facet\":[]}}},\"ornament\":false}","qs":{"qsType":"FRAME","frameName":"FRAME812703","isDistinct":true,"overrideImplicit":false,"limit":2000,"offset":0,"relations":"[]","groups":["{\"column\":\"PRIM_KEY_PLACEHOLDER\",\"table\":\"ProductName\",\"alias\":\"\"}"],"selectors":[{"type":"COLUMN","content":{"table":"ProductName","column":"PRIM_KEY_PLACEHOLDER","alias":"ProductName","tableAlias":null}},{"type":"FUNCTION","content":{"alias":"Average_of_ProductStock","function":"mean","distinct":false,"colCast":"","innerSelectors":[{"type":"COLUMN","content":{"table":"ProductStock","column":"PRIM_KEY_PLACEHOLDER","alias":"ProductStock","tableAlias":null}}]}},{"type":"FUNCTION","content":{"alias":"Count_of_DetailOrderID","function":"count","distinct":false,"colCast":"","innerSelectors":[{"type":"COLUMN","content":{"table":"DetailOrderID","column":"PRIM_KEY_PLACEHOLDER","alias":"DetailOrderID","tableAlias":null}}]}}]}}},{"type":"basic","task":{"taskType":"basic","id":"task77","numCollected":2000,"internalOffset":0,"taskOptions":"{\"options\":{\"0\":{\"layout\":\"Column\",\"alignment\":{\"tooltip\":[],\"label\":[\"ProductName\"],\"value\":[\"Average_of_ProductStock\"],\"facet\":[]}}},\"ornament\":false}","qs":{"qsType":"FRAME","frameName":"FRAME812703","isDistinct":true,"overrideImplicit":false,"limit":2000,"offset":0,"relations":"[]","groups":["{\"column\":\"PRIM_KEY_PLACEHOLDER\",\"table\":\"ProductName\",\"alias\":\"\"}"],"selectors":[{"type":"COLUMN","content":{"table":"ProductName","column":"PRIM_KEY_PLACEHOLDER","alias":"ProductName","tableAlias":null}},{"type":"FUNCTION","content":{"alias":"Average_of_ProductStock","function":"mean","distinct":false,"colCast":"","innerSelectors":[{"type":"COLUMN","content":{"table":"ProductStock","column":"PRIM_KEY_PLACEHOLDER","alias":"ProductStock","tableAlias":null}}]}}]}}},{"type":"basic","task":{"taskType":"basic","id":"task79","numCollected":2000,"internalOffset":0,"taskOptions":"{\"options\":{\"0\":{\"layout\":\"Column\",\"alignment\":{\"tooltip\":[],\"label\":[\"ProductName\"],\"value\":[\"Sum_of_ProductStock\"],\"facet\":[]}}},\"ornament\":false}","qs":{"qsType":"FRAME","frameName":"FRAME812703","isDistinct":true,"overrideImplicit":false,"limit":2000,"offset":0,"relations":"[]","groups":["{\"column\":\"PRIM_KEY_PLACEHOLDER\",\"table\":\"ProductName\",\"alias\":\"\"}"],"selectors":[{"type":"COLUMN","content":{"table":"ProductName","column":"PRIM_KEY_PLACEHOLDER","alias":"ProductName","tableAlias":null}},{"type":"FUNCTION","content":{"alias":"Sum_of_ProductStock","function":"sum","distinct":false,"colCast":"","innerSelectors":[{"type":"COLUMN","content":{"table":"ProductStock","column":"PRIM_KEY_PLACEHOLDER","alias":"ProductStock","tableAlias":null}}]}}]}}},{"type":"basic","task":{"taskType":"basic","id":"task81","numCollected":2000,"internalOffset":0,"taskOptions":"{\"options\":{\"0\":{\"layout\":\"Column\",\"alignment\":{\"tooltip\":[],\"label\":[\"ProductName\"],\"value\":[\"Count_of_ProductStock\"],\"facet\":[]}}},\"ornament\":false}","qs":{"qsType":"FRAME","frameName":"FRAME812703","isDistinct":true,"overrideImplicit":false,"limit":2000,"offset":0,"relations":"[]","groups":["{\"column\":\"PRIM_KEY_PLACEHOLDER\",\"table\":\"ProductName\",\"alias\":\"\"}"],"selectors":[{"type":"COLUMN","content":{"table":"ProductName","column":"PRIM_KEY_PLACEHOLDER","alias":"ProductName","tableAlias":null}},{"type":"FUNCTION","content":{"alias":"Count_of_ProductStock","function":"count","distinct":false,"colCast":"","innerSelectors":[{"type":"COLUMN","content":{"table":"ProductStock","column":"PRIM_KEY_PLACEHOLDER","alias":"ProductStock","tableAlias":null}}]}}]}}},{"type":"basic","task":{"taskType":"basic","id":"task83","numCollected":2000,"internalOffset":0,"taskOptions":"{\"options\":{\"0\":{\"layout\":\"Column\",\"alignment\":{\"tooltip\":[],\"label\":[\"ProductName\"],\"value\":[\"Unique_Count_of_ProductStock\"],\"facet\":[]}}},\"ornament\":false}","qs":{"qsType":"FRAME","frameName":"FRAME812703","isDistinct":true,"overrideImplicit":false,"limit":2000,"offset":0,"relations":"[]","groups":["{\"column\":\"PRIM_KEY_PLACEHOLDER\",\"table\":\"ProductName\",\"alias\":\"\"}"],"selectors":[{"type":"COLUMN","content":{"table":"ProductName","column":"PRIM_KEY_PLACEHOLDER","alias":"ProductName","tableAlias":null}},{"type":"FUNCTION","content":{"alias":"Unique_Count_of_ProductStock","function":"uniquecount","distinct":true,"colCast":"","innerSelectors":[{"type":"COLUMN","content":{"table":"ProductStock","column":"PRIM_KEY_PLACEHOLDER","alias":"ProductStock","tableAlias":null}}]}}]}}},{"type":"basic","task":{"taskType":"basic","id":"task85","numCollected":2000,"internalOffset":0,"taskOptions":"{\"options\":{\"0\":{\"layout\":\"Column\",\"alignment\":{\"tooltip\":[],\"label\":[\"ProductName\"],\"value\":[\"Average_of_ProductStock\"],\"facet\":[]}}},\"ornament\":false}","qs":{"qsType":"FRAME","frameName":"FRAME812703","isDistinct":true,"overrideImplicit":false,"limit":2000,"offset":0,"relations":"[]","groups":["{\"column\":\"PRIM_KEY_PLACEHOLDER\",\"table\":\"ProductName\",\"alias\":\"\"}"],"selectors":[{"type":"COLUMN","content":{"table":"ProductName","column":"PRIM_KEY_PLACEHOLDER","alias":"ProductName","tableAlias":null}},{"type":"FUNCTION","content":{"alias":"Average_of_ProductStock","function":"mean","distinct":false,"colCast":"","innerSelectors":[{"type":"COLUMN","content":{"table":"ProductStock","column":"PRIM_KEY_PLACEHOLDER","alias":"ProductStock","tableAlias":null}}]}}]}}},{"type":"basic","task":{"taskType":"basic","id":"task87","numCollected":2000,"internalOffset":0,"taskOptions":"{\"options\":{\"0\":{\"layout\":\"Line\",\"alignment\":{\"tooltip\":[],\"label\":[\"ProductName\"],\"value\":[\"Average_of_ProductStock\"],\"facet\":[]}}},\"ornament\":false}","qs":{"qsType":"FRAME","frameName":"FRAME812703","isDistinct":true,"overrideImplicit":false,"limit":2000,"offset":0,"relations":"[]","groups":["{\"column\":\"PRIM_KEY_PLACEHOLDER\",\"table\":\"ProductName\",\"alias\":\"\"}"],"selectors":[{"type":"COLUMN","content":{"table":"ProductName","column":"PRIM_KEY_PLACEHOLDER","alias":"ProductName","tableAlias":null}},{"type":"FUNCTION","content":{"alias":"Average_of_ProductStock","function":"mean","distinct":false,"colCast":"","innerSelectors":[{"type":"COLUMN","content":{"table":"ProductStock","column":"PRIM_KEY_PLACEHOLDER","alias":"ProductStock","tableAlias":null}}]}}]}}}],"taskCounter":88},"recipe":["AddPanel ( 0 ) ;","Panel ( 0 ) | AddPanelConfig ( config = [ { \"config\" : { \"type\" : \"STANDARD\" , \"opacity\" : 100 } } ] ) ;","Panel ( 0 ) | AddPanelEvents ( { \"onSingleClick\" : { \"Unfilter\" : [ { \"panel\" : \"\" , \"query\" : \"<encode>(<Frame> | UnfilterFrame(<SelectedColumn>));</encode>\" , \"options\" : { } , \"refresh\" : false , \"default\" : true , \"disabledVisuals\" : [ \"Grid\" , \"Sunburst\" ] , \"disabled\" : false } ] } , \"onBrush\" : { \"Filter\" : [ { \"panel\" : \"\" , \"query\" : \"<encode>if((IsEmpty(<SelectedValues>)),(<Frame> | UnfilterFrame(<SelectedColumn>)), (<Frame> | SetFrameFilter(<SelectedColumn>==<SelectedValues>)));</encode>\" , \"options\" : { } , \"refresh\" : false , \"default\" : true , \"disabled\" : false } ] } } ) ;","Panel ( 0 ) | RetrievePanelEvents ( ) ;","Panel ( 0 ) | SetPanelView ( \"visualization\" , \"<encode>{\"type\":\"echarts\"}</encode>\" ) ;","Panel ( 0 ) | SetPanelView ( \"federate-view\" , \"<encode>{\"app_id\":\"595ebe4d-b6ae-4fbe-83bd-2e67d8f0ecb7\"}</encode>\" ) ;","CreateFrame ( GRID ) .as ( [ 'FRAME812703' ] ) ;","Database ( database = [ \"595ebe4d-b6ae-4fbe-83bd-2e67d8f0ecb7\" ] ) | Select ( orderdetails__DetailOrderID ) .as ( [ DetailOrderID ] ) | Import ( frame = [ FRAME812703 ] ) ;","Database ( database = [ \"595ebe4d-b6ae-4fbe-83bd-2e67d8f0ecb7\" ] ) | Select ( orders__OrderID , orders__OrderAmount , orders__OrderCity , orders__OrderUserID ) .as ( [ OrderID , OrderAmount , OrderCity , OrderUserID ] ) | Merge ( joins = [ ( DetailOrderID , inner.join , orders__OrderID ) ] , frame = [ FRAME812703 ] ) ;","Database ( database = [ \"595ebe4d-b6ae-4fbe-83bd-2e67d8f0ecb7\" ] ) | Select ( users__UserID , users__UserCity , users__UserFirstName , users__UserPhone ) .as ( [ UserID , UserCity , UserFirstName , UserPhone ] ) | Merge ( joins = [ ( OrderUserID , inner.join , users__UserID ) ] , frame = [ FRAME812703 ] ) ;","Database ( database = [ \"595ebe4d-b6ae-4fbe-83bd-2e67d8f0ecb7\" ] ) | Select ( orderdetails__DetailOrderID , orderdetails__DetailProductID ) .as ( [ DetailOrderID , DetailProductID ] ) | Merge ( joins = [ ( DetailOrderID , inner.join , orderdetails__DetailOrderID ) ] , frame = [ FRAME812703 ] ) ;","Database ( database = [ \"595ebe4d-b6ae-4fbe-83bd-2e67d8f0ecb7\" ] ) | Select ( products__ProductID , products__ProductName , products__ProductPrice , products__ProductStock , products__ProductSKU ) .as ( [ ProductID , ProductName , ProductPrice , ProductStock , ProductSKU ] ) | Merge ( joins = [ ( DetailProductID , inner.join , products__ProductID ) ] , frame = [ FRAME812703 ] ) ;","Database ( database = [ \"595ebe4d-b6ae-4fbe-83bd-2e67d8f0ecb7\" ] ) | Select ( orderdetails__DetailOrderID , orderdetails__DetailPrice ) .as ( [ DetailOrderID , DetailPrice ] ) | Merge ( joins = [ ( DetailOrderID , inner.join , orderdetails__DetailOrderID ) ] , frame = [ FRAME812703 ] ) ;","Panel ( 0 ) | SetPanelView ( \"visualization\" ) ;","Frame ( frame = [ FRAME812703 ] ) | QueryAll ( ) | AutoTaskOptions ( panel = [ \"0\" ] , layout = [ \"Grid\" ] ) | Collect ( 2000 ) ;","if ( ( FRAME812703 | HasDuplicates ( UserFirstName ) ) , ( Frame ( frame = [ FRAME812703 ] ) | Select ( UserFirstName , Count ( ProductName ) ) .as ( [ UserFirstName , Count_of_ProductName ] ) | Group ( UserFirstName ) | With ( Panel ( 0 ) ) | Format ( type = [ 'table' ] ) | TaskOptions ( { \"0\" : { \"layout\" : \"Area\" , \"alignment\" : { \"label\" : [ \"UserFirstName\" ] , \"value\" : [ \"Count_of_ProductName\" ] , \"tooltip\" : [ ] , \"facet\" : [ ] } } } ) | Collect ( 2000 ) ) , ( Frame ( frame = [ FRAME812703 ] ) | Select ( UserFirstName , Count ( ProductName ) ) .as ( [ UserFirstName , Count_of_ProductName ] ) | Group ( UserFirstName ) | With ( Panel ( 0 ) ) | Format ( type = [ 'table' ] ) | TaskOptions ( { \"0\" : { \"layout\" : \"Area\" , \"alignment\" : { \"label\" : [ \"UserFirstName\" ] , \"value\" : [ \"Count_of_ProductName\" ] , \"tooltip\" : [ ] , \"facet\" : [ ] } } } ) | Collect ( 2000 ) ) ) ;","if ( ( FRAME812703 | HasDuplicates ( ProductName ) ) , ( Frame ( frame = [ FRAME812703 ] ) | Select ( ProductName , Count ( ProductName ) ) .as ( [ ProductName , Count_of_ProductName ] ) | Group ( ProductName ) | With ( Panel ( 0 ) ) | Format ( type = [ 'table' ] ) | TaskOptions ( { \"0\" : { \"layout\" : \"Area\" , \"alignment\" : { \"label\" : [ \"ProductName\" ] , \"value\" : [ \"Count_of_ProductName\" ] , \"tooltip\" : [ ] , \"facet\" : [ ] } } } ) | Collect ( 2000 ) ) , ( Frame ( frame = [ FRAME812703 ] ) | Select ( ProductName , Count ( ProductName ) ) .as ( [ ProductName , Count_of_ProductName ] ) | Group ( ProductName ) | With ( Panel ( 0 ) ) | Format ( type = [ 'table' ] ) | TaskOptions ( { \"0\" : { \"layout\" : \"Area\" , \"alignment\" : { \"label\" : [ \"ProductName\" ] , \"value\" : [ \"Count_of_ProductName\" ] , \"tooltip\" : [ ] , \"facet\" : [ ] } } } ) | Collect ( 2000 ) ) ) ;","if ( ( FRAME812703 | HasDuplicates ( ProductName ) ) , ( Frame ( frame = [ FRAME812703 ] ) | Select ( ProductName , Count ( ProductName ) , Count ( UserFirstName ) ) .as ( [ ProductName , Count_of_ProductName , Count_of_UserFirstName ] ) | Group ( ProductName ) | With ( Panel ( 0 ) ) | Format ( type = [ 'table' ] ) | TaskOptions ( { \"0\" : { \"layout\" : \"Area\" , \"alignment\" : { \"label\" : [ \"ProductName\" ] , \"value\" : [ \"Count_of_ProductName\" , \"Count_of_UserFirstName\" ] , \"tooltip\" : [ ] , \"facet\" : [ ] } } } ) | Collect ( 2000 ) ) , ( Frame ( frame = [ FRAME812703 ] ) | Select ( ProductName , Count ( ProductName ) , Count ( UserFirstName ) ) .as ( [ ProductName , Count_of_ProductName , Count_of_UserFirstName ] ) | Group ( ProductName ) | With ( Panel ( 0 ) ) | Format ( type = [ 'table' ] ) | TaskOptions ( { \"0\" : { \"layout\" : \"Area\" , \"alignment\" : { \"label\" : [ \"ProductName\" ] , \"value\" : [ \"Count_of_ProductName\" , \"Count_of_UserFirstName\" ] , \"tooltip\" : [ ] , \"facet\" : [ ] } } } ) | Collect ( 2000 ) ) ) ;","if ( ( FRAME812703 | HasDuplicates ( ProductName ) ) , ( Frame ( frame = [ FRAME812703 ] ) | Select ( ProductName , Count ( UserFirstName ) ) .as ( [ ProductName , Count_of_UserFirstName ] ) | Group ( ProductName ) | With ( Panel ( 0 ) ) | Format ( type = [ 'table' ] ) | TaskOptions ( { \"0\" : { \"layout\" : \"Area\" , \"alignment\" : { \"label\" : [ \"ProductName\" ] , \"value\" : [ \"Count_of_UserFirstName\" ] , \"tooltip\" : [ ] , \"facet\" : [ ] } } } ) | Collect ( 2000 ) ) , ( Frame ( frame = [ FRAME812703 ] ) | Select ( ProductName , Count ( UserFirstName ) ) .as ( [ ProductName , Count_of_UserFirstName ] ) | Group ( ProductName ) | With ( Panel ( 0 ) ) | Format ( type = [ 'table' ] ) | TaskOptions ( { \"0\" : { \"layout\" : \"Area\" , \"alignment\" : { \"label\" : [ \"ProductName\" ] , \"value\" : [ \"Count_of_UserFirstName\" ] , \"tooltip\" : [ ] , \"facet\" : [ ] } } } ) | Collect ( 2000 ) ) ) ;","if ( ( FRAME812703 | HasDuplicates ( OrderCity ) ) , ( Frame ( frame = [ FRAME812703 ] ) | Select ( OrderCity , Count ( ProductName ) ) .as ( [ OrderCity , Count_of_ProductName ] ) | Group ( OrderCity ) | With ( Panel ( 0 ) ) | Format ( type = [ 'table' ] ) | TaskOptions ( { \"0\" : { \"layout\" : \"Area\" , \"alignment\" : { \"label\" : [ \"OrderCity\" ] , \"value\" : [ \"Count_of_ProductName\" ] , \"tooltip\" : [ ] , \"facet\" : [ ] } } } ) | Collect ( 2000 ) ) , ( Frame ( frame = [ FRAME812703 ] ) | Select ( OrderCity , Count ( ProductName ) ) .as ( [ OrderCity , Count_of_ProductName ] ) | Group ( OrderCity ) | With ( Panel ( 0 ) ) | Format ( type = [ 'table' ] ) | TaskOptions ( { \"0\" : { \"layout\" : \"Area\" , \"alignment\" : { \"label\" : [ \"OrderCity\" ] , \"value\" : [ \"Count_of_ProductName\" ] , \"tooltip\" : [ ] , \"facet\" : [ ] } } } ) | Collect ( 2000 ) ) ) ;","if ( ( FRAME812703 | HasDuplicates ( OrderCity ) ) , ( Frame ( frame = [ FRAME812703 ] ) | Select ( OrderCity , Count ( ProductName ) ) .as ( [ OrderCity , Count_of_ProductName ] ) | Group ( OrderCity ) | With ( Panel ( 0 ) ) | Format ( type = [ 'table' ] ) | TaskOptions ( { \"0\" : { \"layout\" : \"Column\" , \"alignment\" : { \"label\" : [ \"OrderCity\" ] , \"value\" : [ \"Count_of_ProductName\" ] , \"tooltip\" : [ ] , \"facet\" : [ ] } } } ) | Collect ( 2000 ) ) , ( Frame ( frame = [ FRAME812703 ] ) | Select ( OrderCity , Count ( ProductName ) ) .as ( [ OrderCity , Count_of_ProductName ] ) | Group ( OrderCity ) | With ( Panel ( 0 ) ) | Format ( type = [ 'table' ] ) | TaskOptions ( { \"0\" : { \"layout\" : \"Column\" , \"alignment\" : { \"label\" : [ \"OrderCity\" ] , \"value\" : [ \"Count_of_ProductName\" ] , \"tooltip\" : [ ] , \"facet\" : [ ] } } } ) | Collect ( 2000 ) ) ) ;","if ( ( FRAME812703 | HasDuplicates ( UserFirstName ) ) , ( Frame ( frame = [ FRAME812703 ] ) | Select ( UserFirstName , Count ( ProductName ) ) .as ( [ UserFirstName , Count_of_ProductName ] ) | Group ( UserFirstName ) | With ( Panel ( 0 ) ) | Format ( type = [ 'table' ] ) | TaskOptions ( { \"0\" : { \"layout\" : \"Column\" , \"alignment\" : { \"label\" : [ \"UserFirstName\" ] , \"value\" : [ \"Count_of_ProductName\" ] , \"tooltip\" : [ ] , \"facet\" : [ ] } } } ) | Collect ( 2000 ) ) , ( Frame ( frame = [ FRAME812703 ] ) | Select ( UserFirstName , Count ( ProductName ) ) .as ( [ UserFirstName , Count_of_ProductName ] ) | Group ( UserFirstName ) | With ( Panel ( 0 ) ) | Format ( type = [ 'table' ] ) | TaskOptions ( { \"0\" : { \"layout\" : \"Column\" , \"alignment\" : { \"label\" : [ \"UserFirstName\" ] , \"value\" : [ \"Count_of_ProductName\" ] , \"tooltip\" : [ ] , \"facet\" : [ ] } } } ) | Collect ( 2000 ) ) ) ;","if ( ( FRAME812703 | HasDuplicates ( UserFirstName ) ) , ( Frame ( frame = [ FRAME812703 ] ) | Select ( UserFirstName , Count ( ProductName ) , Average ( OrderAmount ) ) .as ( [ UserFirstName , Count_of_ProductName , Average_of_OrderAmount ] ) | Group ( UserFirstName ) | With ( Panel ( 0 ) ) | Format ( type = [ 'table' ] ) | TaskOptions ( { \"0\" : { \"layout\" : \"Column\" , \"alignment\" : { \"label\" : [ \"UserFirstName\" ] , \"value\" : [ \"Count_of_ProductName\" , \"Average_of_OrderAmount\" ] , \"tooltip\" : [ ] , \"facet\" : [ ] } } } ) | Collect ( 2000 ) ) , ( Frame ( frame = [ FRAME812703 ] ) | Select ( UserFirstName , Count ( ProductName ) , OrderAmount ) .as ( [ UserFirstName , Count_of_ProductName , OrderAmount ] ) | Group ( UserFirstName ) | With ( Panel ( 0 ) ) | Format ( type = [ 'table' ] ) | TaskOptions ( { \"0\" : { \"layout\" : \"Column\" , \"alignment\" : { \"label\" : [ \"UserFirstName\" ] , \"value\" : [ \"Count_of_ProductName\" , \"OrderAmount\" ] , \"tooltip\" : [ ] , \"facet\" : [ ] } } } ) | Collect ( 2000 ) ) ) ;","if ( ( FRAME812703 | HasDuplicates ( UserFirstName ) ) , ( Frame ( frame = [ FRAME812703 ] ) | Select ( UserFirstName , Average ( OrderAmount ) ) .as ( [ UserFirstName , Average_of_OrderAmount ] ) | Group ( UserFirstName ) | With ( Panel ( 0 ) ) | Format ( type = [ 'table' ] ) | TaskOptions ( { \"0\" : { \"layout\" : \"Column\" , \"alignment\" : { \"label\" : [ \"UserFirstName\" ] , \"value\" : [ \"Average_of_OrderAmount\" ] , \"tooltip\" : [ ] , \"facet\" : [ ] } } } ) | Collect ( 2000 ) ) , ( Frame ( frame = [ FRAME812703 ] ) | Select ( UserFirstName , OrderAmount ) .as ( [ UserFirstName , OrderAmount ] ) | With ( Panel ( 0 ) ) | Format ( type = [ 'table' ] ) | TaskOptions ( { \"0\" : { \"layout\" : \"Column\" , \"alignment\" : { \"label\" : [ \"UserFirstName\" ] , \"value\" : [ \"OrderAmount\" ] , \"tooltip\" : [ ] , \"facet\" : [ ] } } } ) | Collect ( 2000 ) ) ) ;","if ( ( FRAME812703 | HasDuplicates ( UserFirstName ) ) , ( Frame ( frame = [ FRAME812703 ] ) | Select ( UserFirstName , Sum ( OrderAmount ) ) .as ( [ UserFirstName , Sum_of_OrderAmount ] ) | Group ( UserFirstName ) | With ( Panel ( 0 ) ) | Format ( type = [ 'table' ] ) | TaskOptions ( { \"0\" : { \"layout\" : \"Column\" , \"alignment\" : { \"label\" : [ \"UserFirstName\" ] , \"value\" : [ \"Sum_of_OrderAmount\" ] , \"tooltip\" : [ ] , \"facet\" : [ ] } } } ) | Collect ( 2000 ) ) , ( Frame ( frame = [ FRAME812703 ] ) | Select ( UserFirstName , OrderAmount ) .as ( [ UserFirstName , OrderAmount ] ) | With ( Panel ( 0 ) ) | Format ( type = [ 'table' ] ) | TaskOptions ( { \"0\" : { \"layout\" : \"Column\" , \"alignment\" : { \"label\" : [ \"UserFirstName\" ] , \"value\" : [ \"OrderAmount\" ] , \"tooltip\" : [ ] , \"facet\" : [ ] } } } ) | Collect ( 2000 ) ) ) ;","if ( ( FRAME812703 | HasDuplicates ( UserFirstName ) ) , ( Frame ( frame = [ FRAME812703 ] ) | Select ( UserFirstName , Count ( OrderAmount ) ) .as ( [ UserFirstName , Count_of_OrderAmount ] ) | Group ( UserFirstName ) | With ( Panel ( 0 ) ) | Format ( type = [ 'table' ] ) | TaskOptions ( { \"0\" : { \"layout\" : \"Column\" , \"alignment\" : { \"label\" : [ \"UserFirstName\" ] , \"value\" : [ \"Count_of_OrderAmount\" ] , \"tooltip\" : [ ] , \"facet\" : [ ] } } } ) | Collect ( 2000 ) ) , ( Frame ( frame = [ FRAME812703 ] ) | Select ( UserFirstName , OrderAmount ) .as ( [ UserFirstName , OrderAmount ] ) | With ( Panel ( 0 ) ) | Format ( type = [ 'table' ] ) | TaskOptions ( { \"0\" : { \"layout\" : \"Column\" , \"alignment\" : { \"label\" : [ \"UserFirstName\" ] , \"value\" : [ \"OrderAmount\" ] , \"tooltip\" : [ ] , \"facet\" : [ ] } } } ) | Collect ( 2000 ) ) ) ;","if ( ( FRAME812703 | HasDuplicates ( UserFirstName ) ) , ( Frame ( frame = [ FRAME812703 ] ) | Select ( UserFirstName , Max ( OrderAmount ) ) .as ( [ UserFirstName , Max_of_OrderAmount ] ) | Group ( UserFirstName ) | With ( Panel ( 0 ) ) | Format ( type = [ 'table' ] ) | TaskOptions ( { \"0\" : { \"layout\" : \"Column\" , \"alignment\" : { \"label\" : [ \"UserFirstName\" ] , \"value\" : [ \"Max_of_OrderAmount\" ] , \"tooltip\" : [ ] , \"facet\" : [ ] } } } ) | Collect ( 2000 ) ) , ( Frame ( frame = [ FRAME812703 ] ) | Select ( UserFirstName , OrderAmount ) .as ( [ UserFirstName , OrderAmount ] ) | With ( Panel ( 0 ) ) | Format ( type = [ 'table' ] ) | TaskOptions ( { \"0\" : { \"layout\" : \"Column\" , \"alignment\" : { \"label\" : [ \"UserFirstName\" ] , \"value\" : [ \"OrderAmount\" ] , \"tooltip\" : [ ] , \"facet\" : [ ] } } } ) | Collect ( 2000 ) ) ) ;","if ( ( FRAME812703 | HasDuplicates ( ProductName ) ) , ( Frame ( frame = [ FRAME812703 ] ) | Select ( ProductName , Max ( OrderAmount ) ) .as ( [ ProductName , Max_of_OrderAmount ] ) | Group ( ProductName ) | With ( Panel ( 0 ) ) | Format ( type = [ 'table' ] ) | TaskOptions ( { \"0\" : { \"layout\" : \"Column\" , \"alignment\" : { \"label\" : [ \"ProductName\" ] , \"value\" : [ \"Max_of_OrderAmount\" ] , \"tooltip\" : [ ] , \"facet\" : [ ] } } } ) | Collect ( 2000 ) ) , ( Frame ( frame = [ FRAME812703 ] ) | Select ( ProductName , OrderAmount ) .as ( [ ProductName , OrderAmount ] ) | With ( Panel ( 0 ) ) | Format ( type = [ 'table' ] ) | TaskOptions ( { \"0\" : { \"layout\" : \"Column\" , \"alignment\" : { \"label\" : [ \"ProductName\" ] , \"value\" : [ \"OrderAmount\" ] , \"tooltip\" : [ ] , \"facet\" : [ ] } } } ) | Collect ( 2000 ) ) ) ;","if ( ( FRAME812703 | HasDuplicates ( ProductName ) ) , ( Frame ( frame = [ FRAME812703 ] ) | Select ( ProductName , Average ( ProductStock ) , Max ( OrderAmount ) ) .as ( [ ProductName , Average_of_ProductStock , Max_of_OrderAmount ] ) | Group ( ProductName ) | With ( Panel ( 0 ) ) | Format ( type = [ 'table' ] ) | TaskOptions ( { \"0\" : { \"layout\" : \"Column\" , \"alignment\" : { \"label\" : [ \"ProductName\" ] , \"value\" : [ \"Average_of_ProductStock\" , \"Max_of_OrderAmount\" ] , \"tooltip\" : [ ] , \"facet\" : [ ] } } } ) | Collect ( 2000 ) ) , ( Frame ( frame = [ FRAME812703 ] ) | Select ( ProductName , ProductStock , OrderAmount ) .as ( [ ProductName , ProductStock , OrderAmount ] ) | With ( Panel ( 0 ) ) | Format ( type = [ 'table' ] ) | TaskOptions ( { \"0\" : { \"layout\" : \"Column\" , \"alignment\" : { \"label\" : [ \"ProductName\" ] , \"value\" : [ \"ProductStock\" , \"OrderAmount\" ] , \"tooltip\" : [ ] , \"facet\" : [ ] } } } ) | Collect ( 2000 ) ) ) ;","if ( ( FRAME812703 | HasDuplicates ( ProductName ) ) , ( Frame ( frame = [ FRAME812703 ] ) | Select ( ProductName , Average ( ProductStock ) ) .as ( [ ProductName , Average_of_ProductStock ] ) | Group ( ProductName ) | With ( Panel ( 0 ) ) | Format ( type = [ 'table' ] ) | TaskOptions ( { \"0\" : { \"layout\" : \"Column\" , \"alignment\" : { \"label\" : [ \"ProductName\" ] , \"value\" : [ \"Average_of_ProductStock\" ] , \"tooltip\" : [ ] , \"facet\" : [ ] } } } ) | Collect ( 2000 ) ) , ( Frame ( frame = [ FRAME812703 ] ) | Select ( ProductName , ProductStock ) .as ( [ ProductName , ProductStock ] ) | With ( Panel ( 0 ) ) | Format ( type = [ 'table' ] ) | TaskOptions ( { \"0\" : { \"layout\" : \"Column\" , \"alignment\" : { \"label\" : [ \"ProductName\" ] , \"value\" : [ \"ProductStock\" ] , \"tooltip\" : [ ] , \"facet\" : [ ] } } } ) | Collect ( 2000 ) ) ) ;","if ( ( FRAME812703 | HasDuplicates ( ProductName ) ) , ( Frame ( frame = [ FRAME812703 ] ) | Select ( ProductName , Count ( ProductStock ) ) .as ( [ ProductName , Count_of_ProductStock ] ) | Group ( ProductName ) | With ( Panel ( 0 ) ) | Format ( type = [ 'table' ] ) | TaskOptions ( { \"0\" : { \"layout\" : \"Column\" , \"alignment\" : { \"label\" : [ \"ProductName\" ] , \"value\" : [ \"Count_of_ProductStock\" ] , \"tooltip\" : [ ] , \"facet\" : [ ] } } } ) | Collect ( 2000 ) ) , ( Frame ( frame = [ FRAME812703 ] ) | Select ( ProductName , ProductStock ) .as ( [ ProductName , ProductStock ] ) | With ( Panel ( 0 ) ) | Format ( type = [ 'table' ] ) | TaskOptions ( { \"0\" : { \"layout\" : \"Column\" , \"alignment\" : { \"label\" : [ \"ProductName\" ] , \"value\" : [ \"ProductStock\" ] , \"tooltip\" : [ ] , \"facet\" : [ ] } } } ) | Collect ( 2000 ) ) ) ;","if ( ( FRAME812703 | HasDuplicates ( ProductName ) ) , ( Frame ( frame = [ FRAME812703 ] ) | Select ( ProductName , Average ( ProductStock ) ) .as ( [ ProductName , Average_of_ProductStock ] ) | Group ( ProductName ) | With ( Panel ( 0 ) ) | Format ( type = [ 'table' ] ) | TaskOptions ( { \"0\" : { \"layout\" : \"Column\" , \"alignment\" : { \"label\" : [ \"ProductName\" ] , \"value\" : [ \"Average_of_ProductStock\" ] , \"tooltip\" : [ ] , \"facet\" : [ ] } } } ) | Collect ( 2000 ) ) , ( Frame ( frame = [ FRAME812703 ] ) | Select ( ProductName , ProductStock ) .as ( [ ProductName , ProductStock ] ) | With ( Panel ( 0 ) ) | Format ( type = [ 'table' ] ) | TaskOptions ( { \"0\" : { \"layout\" : \"Column\" , \"alignment\" : { \"label\" : [ \"ProductName\" ] , \"value\" : [ \"ProductStock\" ] , \"tooltip\" : [ ] , \"facet\" : [ ] } } } ) | Collect ( 2000 ) ) ) ;","if ( ( FRAME812703 | HasDuplicates ( ProductName ) ) , ( Frame ( frame = [ FRAME812703 ] ) | Select ( ProductName , Sum ( ProductStock ) ) .as ( [ ProductName , Sum_of_ProductStock ] ) | Group ( ProductName ) | With ( Panel ( 0 ) ) | Format ( type = [ 'table' ] ) | TaskOptions ( { \"0\" : { \"layout\" : \"Column\" , \"alignment\" : { \"label\" : [ \"ProductName\" ] , \"value\" : [ \"Sum_of_ProductStock\" ] , \"tooltip\" : [ ] , \"facet\" : [ ] } } } ) | Collect ( 2000 ) ) , ( Frame ( frame = [ FRAME812703 ] ) | Select ( ProductName , ProductStock ) .as ( [ ProductName , ProductStock ] ) | With ( Panel ( 0 ) ) | Format ( type = [ 'table' ] ) | TaskOptions ( { \"0\" : { \"layout\" : \"Column\" , \"alignment\" : { \"label\" : [ \"ProductName\" ] , \"value\" : [ \"ProductStock\" ] , \"tooltip\" : [ ] , \"facet\" : [ ] } } } ) | Collect ( 2000 ) ) ) ;","if ( ( FRAME812703 | HasDuplicates ( ProductSKU ) ) , ( Frame ( frame = [ FRAME812703 ] ) | Select ( ProductSKU , Sum ( ProductStock ) ) .as ( [ ProductSKU , Sum_of_ProductStock ] ) | Group ( ProductSKU ) | With ( Panel ( 0 ) ) | Format ( type = [ 'table' ] ) | TaskOptions ( { \"0\" : { \"layout\" : \"Column\" , \"alignment\" : { \"label\" : [ \"ProductSKU\" ] , \"value\" : [ \"Sum_of_ProductStock\" ] , \"tooltip\" : [ ] , \"facet\" : [ ] } } } ) | Collect ( 2000 ) ) , ( Frame ( frame = [ FRAME812703 ] ) | Select ( ProductSKU , ProductStock ) .as ( [ ProductSKU , ProductStock ] ) | With ( Panel ( 0 ) ) | Format ( type = [ 'table' ] ) | TaskOptions ( { \"0\" : { \"layout\" : \"Column\" , \"alignment\" : { \"label\" : [ \"ProductSKU\" ] , \"value\" : [ \"ProductStock\" ] , \"tooltip\" : [ ] , \"facet\" : [ ] } } } ) | Collect ( 2000 ) ) ) ;","if ( ( FRAME812703 | HasDuplicates ( ProductPrice ) ) , ( Frame ( frame = [ FRAME812703 ] ) | Select ( ProductPrice , Sum ( ProductStock ) ) .as ( [ ProductPrice , Sum_of_ProductStock ] ) | Group ( ProductPrice ) | With ( Panel ( 0 ) ) | Format ( type = [ 'table' ] ) | TaskOptions ( { \"0\" : { \"layout\" : \"Column\" , \"alignment\" : { \"label\" : [ \"ProductPrice\" ] , \"value\" : [ \"Sum_of_ProductStock\" ] , \"tooltip\" : [ ] , \"facet\" : [ ] } } } ) | Collect ( 2000 ) ) , ( Frame ( frame = [ FRAME812703 ] ) | Select ( ProductPrice , ProductStock ) .as ( [ ProductPrice , ProductStock ] ) | With ( Panel ( 0 ) ) | Format ( type = [ 'table' ] ) | TaskOptions ( { \"0\" : { \"layout\" : \"Column\" , \"alignment\" : { \"label\" : [ \"ProductPrice\" ] , \"value\" : [ \"ProductStock\" ] , \"tooltip\" : [ ] , \"facet\" : [ ] } } } ) | Collect ( 2000 ) ) ) ;","if ( ( FRAME812703 | HasDuplicates ( OrderCity ) ) , ( Frame ( frame = [ FRAME812703 ] ) | Select ( OrderCity , Average ( DetailOrderID ) ) .as ( [ OrderCity , Average_of_DetailOrderID ] ) | Group ( OrderCity ) | With ( Panel ( 0 ) ) | Format ( type = [ 'table' ] ) | TaskOptions ( { \"0\" : { \"layout\" : \"Column\" , \"alignment\" : { \"label\" : [ \"OrderCity\" ] , \"value\" : [ \"Average_of_DetailOrderID\" ] , \"tooltip\" : [ ] , \"facet\" : [ ] } } } ) | Collect ( 2000 ) ) , ( Frame ( frame = [ FRAME812703 ] ) | Select ( OrderCity , DetailOrderID ) .as ( [ OrderCity , DetailOrderID ] ) | With ( Panel ( 0 ) ) | Format ( type = [ 'table' ] ) | TaskOptions ( { \"0\" : { \"layout\" : \"Column\" , \"alignment\" : { \"label\" : [ \"OrderCity\" ] , \"value\" : [ \"DetailOrderID\" ] , \"tooltip\" : [ ] , \"facet\" : [ ] } } } ) | Collect ( 2000 ) ) ) ;","if ( ( FRAME812703 | HasDuplicates ( OrderCity ) ) , ( Frame ( frame = [ FRAME812703 ] ) | Select ( OrderCity , Sum ( DetailOrderID ) ) .as ( [ OrderCity , Sum_of_DetailOrderID ] ) | Group ( OrderCity ) | With ( Panel ( 0 ) ) | Format ( type = [ 'table' ] ) | TaskOptions ( { \"0\" : { \"layout\" : \"Column\" , \"alignment\" : { \"label\" : [ \"OrderCity\" ] , \"value\" : [ \"Sum_of_DetailOrderID\" ] , \"tooltip\" : [ ] , \"facet\" : [ ] } } } ) | Collect ( 2000 ) ) , ( Frame ( frame = [ FRAME812703 ] ) | Select ( OrderCity , DetailOrderID ) .as ( [ OrderCity , DetailOrderID ] ) | With ( Panel ( 0 ) ) | Format ( type = [ 'table' ] ) | TaskOptions ( { \"0\" : { \"layout\" : \"Column\" , \"alignment\" : { \"label\" : [ \"OrderCity\" ] , \"value\" : [ \"DetailOrderID\" ] , \"tooltip\" : [ ] , \"facet\" : [ ] } } } ) | Collect ( 2000 ) ) ) ;","if ( ( FRAME812703 | HasDuplicates ( OrderCity ) ) , ( Frame ( frame = [ FRAME812703 ] ) | Select ( OrderCity , Average ( DetailOrderID ) ) .as ( [ OrderCity , Average_of_DetailOrderID ] ) | Group ( OrderCity ) | With ( Panel ( 0 ) ) | Format ( type = [ 'table' ] ) | TaskOptions ( { \"0\" : { \"layout\" : \"Column\" , \"alignment\" : { \"label\" : [ \"OrderCity\" ] , \"value\" : [ \"Average_of_DetailOrderID\" ] , \"tooltip\" : [ ] , \"facet\" : [ ] } } } ) | Collect ( 2000 ) ) , ( Frame ( frame = [ FRAME812703 ] ) | Select ( OrderCity , DetailOrderID ) .as ( [ OrderCity , DetailOrderID ] ) | With ( Panel ( 0 ) ) | Format ( type = [ 'table' ] ) | TaskOptions ( { \"0\" : { \"layout\" : \"Column\" , \"alignment\" : { \"label\" : [ \"OrderCity\" ] , \"value\" : [ \"DetailOrderID\" ] , \"tooltip\" : [ ] , \"facet\" : [ ] } } } ) | Collect ( 2000 ) ) ) ;","if ( ( FRAME812703 | HasDuplicates ( OrderCity ) ) , ( Frame ( frame = [ FRAME812703 ] ) | Select ( OrderCity , Max ( DetailOrderID ) ) .as ( [ OrderCity , Max_of_DetailOrderID ] ) | Group ( OrderCity ) | With ( Panel ( 0 ) ) | Format ( type = [ 'table' ] ) | TaskOptions ( { \"0\" : { \"layout\" : \"Column\" , \"alignment\" : { \"label\" : [ \"OrderCity\" ] , \"value\" : [ \"Max_of_DetailOrderID\" ] , \"tooltip\" : [ ] , \"facet\" : [ ] } } } ) | Collect ( 2000 ) ) , ( Frame ( frame = [ FRAME812703 ] ) | Select ( OrderCity , DetailOrderID ) .as ( [ OrderCity , DetailOrderID ] ) | With ( Panel ( 0 ) ) | Format ( type = [ 'table' ] ) | TaskOptions ( { \"0\" : { \"layout\" : \"Column\" , \"alignment\" : { \"label\" : [ \"OrderCity\" ] , \"value\" : [ \"DetailOrderID\" ] , \"tooltip\" : [ ] , \"facet\" : [ ] } } } ) | Collect ( 2000 ) ) ) ;","if ( ( FRAME812703 | HasDuplicates ( OrderCity ) ) , ( Frame ( frame = [ FRAME812703 ] ) | Select ( OrderCity , Count ( DetailOrderID ) ) .as ( [ OrderCity , Count_of_DetailOrderID ] ) | Group ( OrderCity ) | With ( Panel ( 0 ) ) | Format ( type = [ 'table' ] ) | TaskOptions ( { \"0\" : { \"layout\" : \"Column\" , \"alignment\" : { \"label\" : [ \"OrderCity\" ] , \"value\" : [ \"Count_of_DetailOrderID\" ] , \"tooltip\" : [ ] , \"facet\" : [ ] } } } ) | Collect ( 2000 ) ) , ( Frame ( frame = [ FRAME812703 ] ) | Select ( OrderCity , DetailOrderID ) .as ( [ OrderCity , DetailOrderID ] ) | With ( Panel ( 0 ) ) | Format ( type = [ 'table' ] ) | TaskOptions ( { \"0\" : { \"layout\" : \"Column\" , \"alignment\" : { \"label\" : [ \"OrderCity\" ] , \"value\" : [ \"DetailOrderID\" ] , \"tooltip\" : [ ] , \"facet\" : [ ] } } } ) | Collect ( 2000 ) ) ) ;","Panel ( 0 ) | SetPanelView ( \"federate-view\" ) ;","Panel ( 0 ) | SetPanelView ( \"visualization\" ) ;","if ( ( FRAME812703 | HasDuplicates ( OrderCity ) ) , ( Frame ( frame = [ FRAME812703 ] ) | Select ( OrderCity , Count ( DetailOrderID ) ) .as ( [ OrderCity , Count_of_DetailOrderID ] ) | Group ( OrderCity ) | With ( Panel ( 0 ) ) | Format ( type = [ 'table' ] ) | TaskOptions ( { \"0\" : { \"layout\" : \"Column\" , \"alignment\" : { \"label\" : [ \"OrderCity\" ] , \"value\" : [ \"Count_of_DetailOrderID\" ] , \"tooltip\" : [ ] , \"facet\" : [ ] } } } ) | Collect ( 2000 ) ) , ( Frame ( frame = [ FRAME812703 ] ) | Select ( OrderCity , DetailOrderID ) .as ( [ OrderCity , DetailOrderID ] ) | With ( Panel ( 0 ) ) | Format ( type = [ 'table' ] ) | TaskOptions ( { \"0\" : { \"layout\" : \"Column\" , \"alignment\" : { \"label\" : [ \"OrderCity\" ] , \"value\" : [ \"DetailOrderID\" ] , \"tooltip\" : [ ] , \"facet\" : [ ] } } } ) | Collect ( 2000 ) ) ) ;","if ( ( FRAME812703 | HasDuplicates ( OrderCity ) ) , ( Frame ( frame = [ FRAME812703 ] ) | Select ( OrderCity , Count ( DetailOrderID ) ) .as ( [ OrderCity , Count_of_DetailOrderID ] ) | Group ( OrderCity ) | With ( Panel ( 0 ) ) | Format ( type = [ 'table' ] ) | TaskOptions ( { \"0\" : { \"layout\" : \"Column\" , \"alignment\" : { \"label\" : [ \"OrderCity\" ] , \"value\" : [ \"Count_of_DetailOrderID\" ] , \"tooltip\" : [ ] , \"facet\" : [ ] } } } ) | Collect ( 2000 ) ) , ( Frame ( frame = [ FRAME812703 ] ) | Select ( OrderCity , DetailOrderID ) .as ( [ OrderCity , DetailOrderID ] ) | With ( Panel ( 0 ) ) | Format ( type = [ 'table' ] ) | TaskOptions ( { \"0\" : { \"layout\" : \"Column\" , \"alignment\" : { \"label\" : [ \"OrderCity\" ] , \"value\" : [ \"DetailOrderID\" ] , \"tooltip\" : [ ] , \"facet\" : [ ] } } } ) | Collect ( 2000 ) ) ) ;","if ( ( FRAME812703 | HasDuplicates ( OrderCity ) ) , ( Frame ( frame = [ FRAME812703 ] ) | Select ( OrderCity , Count ( ProductName ) ) .as ( [ OrderCity , Count_of_ProductName ] ) | Group ( OrderCity ) | With ( Panel ( 0 ) ) | Format ( type = [ 'table' ] ) | TaskOptions ( { \"0\" : { \"layout\" : \"Area\" , \"alignment\" : { \"label\" : [ \"OrderCity\" ] , \"value\" : [ \"Count_of_ProductName\" ] , \"tooltip\" : [ ] , \"facet\" : [ ] } } } ) | Collect ( 2000 ) ) , ( Frame ( frame = [ FRAME812703 ] ) | Select ( OrderCity , Count ( ProductName ) ) .as ( [ OrderCity , Count_of_ProductName ] ) | Group ( OrderCity ) | With ( Panel ( 0 ) ) | Format ( type = [ 'table' ] ) | TaskOptions ( { \"0\" : { \"layout\" : \"Area\" , \"alignment\" : { \"label\" : [ \"OrderCity\" ] , \"value\" : [ \"Count_of_ProductName\" ] , \"tooltip\" : [ ] , \"facet\" : [ ] } } } ) | Collect ( 2000 ) ) ) ;","if ( ( FRAME812703 | HasDuplicates ( OrderCity ) ) , ( Frame ( frame = [ FRAME812703 ] ) | Select ( OrderCity , Count ( DetailOrderID ) ) .as ( [ OrderCity , Count_of_DetailOrderID ] ) | Group ( OrderCity ) | With ( Panel ( 0 ) ) | Format ( type = [ 'table' ] ) | TaskOptions ( { \"0\" : { \"layout\" : \"Column\" , \"alignment\" : { \"label\" : [ \"OrderCity\" ] , \"value\" : [ \"Count_of_DetailOrderID\" ] , \"tooltip\" : [ ] , \"facet\" : [ ] } } } ) | Collect ( 2000 ) ) , ( Frame ( frame = [ FRAME812703 ] ) | Select ( OrderCity , DetailOrderID ) .as ( [ OrderCity , DetailOrderID ] ) | With ( Panel ( 0 ) ) | Format ( type = [ 'table' ] ) | TaskOptions ( { \"0\" : { \"layout\" : \"Column\" , \"alignment\" : { \"label\" : [ \"OrderCity\" ] , \"value\" : [ \"DetailOrderID\" ] , \"tooltip\" : [ ] , \"facet\" : [ ] } } } ) | Collect ( 2000 ) ) ) ;","if ( ( FRAME812703 | HasDuplicates ( OrderCity ) ) , ( Frame ( frame = [ FRAME812703 ] ) | Select ( OrderCity , Count ( DetailOrderID ) ) .as ( [ OrderCity , Count_of_DetailOrderID ] ) | Group ( OrderCity ) | With ( Panel ( 0 ) ) | Format ( type = [ 'table' ] ) | TaskOptions ( { \"0\" : { \"layout\" : \"Column\" , \"alignment\" : { \"label\" : [ \"OrderCity\" ] , \"value\" : [ \"Count_of_DetailOrderID\" ] , \"tooltip\" : [ ] , \"facet\" : [ ] } } } ) | Collect ( 2000 ) ) , ( Frame ( frame = [ FRAME812703 ] ) | Select ( OrderCity , DetailOrderID ) .as ( [ OrderCity , DetailOrderID ] ) | With ( Panel ( 0 ) ) | Format ( type = [ 'table' ] ) | TaskOptions ( { \"0\" : { \"layout\" : \"Column\" , \"alignment\" : { \"label\" : [ \"OrderCity\" ] , \"value\" : [ \"DetailOrderID\" ] , \"tooltip\" : [ ] , \"facet\" : [ ] } } } ) | Collect ( 2000 ) ) ) ;","Panel ( 0 ) | SetPanelView ( \"federate-view\" ) ;","Panel ( 0 ) | SetPanelView ( \"visualization\" ) ;","if ( ( FRAME812703 | HasDuplicates ( OrderCity ) ) , ( Frame ( frame = [ FRAME812703 ] ) | Select ( OrderCity , Count ( DetailOrderID ) ) .as ( [ OrderCity , Count_of_DetailOrderID ] ) | Group ( OrderCity ) | With ( Panel ( 0 ) ) | Format ( type = [ 'table' ] ) | TaskOptions ( { \"0\" : { \"layout\" : \"Column\" , \"alignment\" : { \"label\" : [ \"OrderCity\" ] , \"value\" : [ \"Count_of_DetailOrderID\" ] , \"tooltip\" : [ ] , \"facet\" : [ ] } } } ) | Collect ( 2000 ) ) , ( Frame ( frame = [ FRAME812703 ] ) | Select ( OrderCity , DetailOrderID ) .as ( [ OrderCity , DetailOrderID ] ) | With ( Panel ( 0 ) ) | Format ( type = [ 'table' ] ) | TaskOptions ( { \"0\" : { \"layout\" : \"Column\" , \"alignment\" : { \"label\" : [ \"OrderCity\" ] , \"value\" : [ \"DetailOrderID\" ] , \"tooltip\" : [ ] , \"facet\" : [ ] } } } ) | Collect ( 2000 ) ) ) ;","if ( ( FRAME812703 | HasDuplicates ( UserFirstName ) ) , ( Frame ( frame = [ FRAME812703 ] ) | Select ( UserFirstName , Count ( DetailOrderID ) ) .as ( [ UserFirstName , Count_of_DetailOrderID ] ) | Group ( UserFirstName ) | With ( Panel ( 0 ) ) | Format ( type = [ 'table' ] ) | TaskOptions ( { \"0\" : { \"layout\" : \"Column\" , \"alignment\" : { \"label\" : [ \"UserFirstName\" ] , \"value\" : [ \"Count_of_DetailOrderID\" ] , \"tooltip\" : [ ] , \"facet\" : [ ] } } } ) | Collect ( 2000 ) ) , ( Frame ( frame = [ FRAME812703 ] ) | Select ( UserFirstName , DetailOrderID ) .as ( [ UserFirstName , DetailOrderID ] ) | With ( Panel ( 0 ) ) | Format ( type = [ 'table' ] ) | TaskOptions ( { \"0\" : { \"layout\" : \"Column\" , \"alignment\" : { \"label\" : [ \"UserFirstName\" ] , \"value\" : [ \"DetailOrderID\" ] , \"tooltip\" : [ ] , \"facet\" : [ ] } } } ) | Collect ( 2000 ) ) ) ;","if ( ( FRAME812703 | HasDuplicates ( OrderCity ) ) , ( Frame ( frame = [ FRAME812703 ] ) | Select ( OrderCity , Count ( ProductName ) ) .as ( [ OrderCity , Count_of_ProductName ] ) | Group ( OrderCity ) | With ( Panel ( 0 ) ) | Format ( type = [ 'table' ] ) | TaskOptions ( { \"0\" : { \"layout\" : \"Area\" , \"alignment\" : { \"label\" : [ \"OrderCity\" ] , \"value\" : [ \"Count_of_ProductName\" ] , \"tooltip\" : [ ] , \"facet\" : [ ] } } } ) | Collect ( 2000 ) ) , ( Frame ( frame = [ FRAME812703 ] ) | Select ( OrderCity , Count ( ProductName ) ) .as ( [ OrderCity , Count_of_ProductName ] ) | Group ( OrderCity ) | With ( Panel ( 0 ) ) | Format ( type = [ 'table' ] ) | TaskOptions ( { \"0\" : { \"layout\" : \"Area\" , \"alignment\" : { \"label\" : [ \"OrderCity\" ] , \"value\" : [ \"Count_of_ProductName\" ] , \"tooltip\" : [ ] , \"facet\" : [ ] } } } ) | Collect ( 2000 ) ) ) ;","if ( ( FRAME812703 | HasDuplicates ( UserFirstName ) ) , ( Frame ( frame = [ FRAME812703 ] ) | Select ( UserFirstName , Count ( DetailOrderID ) ) .as ( [ UserFirstName , Count_of_DetailOrderID ] ) | Group ( UserFirstName ) | With ( Panel ( 0 ) ) | Format ( type = [ 'table' ] ) | TaskOptions ( { \"0\" : { \"layout\" : \"Column\" , \"alignment\" : { \"label\" : [ \"UserFirstName\" ] , \"value\" : [ \"Count_of_DetailOrderID\" ] , \"tooltip\" : [ ] , \"facet\" : [ ] } } } ) | Collect ( 2000 ) ) , ( Frame ( frame = [ FRAME812703 ] ) | Select ( UserFirstName , DetailOrderID ) .as ( [ UserFirstName , DetailOrderID ] ) | With ( Panel ( 0 ) ) | Format ( type = [ 'table' ] ) | TaskOptions ( { \"0\" : { \"layout\" : \"Column\" , \"alignment\" : { \"label\" : [ \"UserFirstName\" ] , \"value\" : [ \"DetailOrderID\" ] , \"tooltip\" : [ ] , \"facet\" : [ ] } } } ) | Collect ( 2000 ) ) ) ;","if ( ( FRAME812703 | HasDuplicates ( UserFirstName ) ) , ( Frame ( frame = [ FRAME812703 ] ) | Select ( UserFirstName , Count ( DetailOrderID ) ) .as ( [ UserFirstName , Count_of_DetailOrderID ] ) | Group ( UserFirstName ) | With ( Panel ( 0 ) ) | Format ( type = [ 'table' ] ) | TaskOptions ( { \"0\" : { \"layout\" : \"Column\" , \"alignment\" : { \"label\" : [ \"UserFirstName\" ] , \"value\" : [ \"Count_of_DetailOrderID\" ] , \"tooltip\" : [ ] , \"facet\" : [ ] } } } ) | Collect ( 2000 ) ) , ( Frame ( frame = [ FRAME812703 ] ) | Select ( UserFirstName , DetailOrderID ) .as ( [ UserFirstName , DetailOrderID ] ) | With ( Panel ( 0 ) ) | Format ( type = [ 'table' ] ) | TaskOptions ( { \"0\" : { \"layout\" : \"Column\" , \"alignment\" : { \"label\" : [ \"UserFirstName\" ] , \"value\" : [ \"DetailOrderID\" ] , \"tooltip\" : [ ] , \"facet\" : [ ] } } } ) | Collect ( 2000 ) ) ) ;","Panel ( 0 ) | AddPanelOrnaments ( { \"tools\" : { \"shared\" : { \"barImage\" : false } } } ) ;","Panel ( 0 ) | RetrievePanelOrnaments ( \"tools\" ) ;","Panel ( 0 ) | AddPanelOrnaments ( { \"tools\" : { \"shared\" : { \"colorName\" : \"Semoss\" , \"color\" : { } , \"backgroundColor\" : \"#FFFFFF\" } } } ) ;","Panel ( 0 ) | RetrievePanelOrnaments ( \"tools\" ) ;","Panel ( 0 ) | AddPanelOrnaments ( { \"tools\" : { \"shared\" : { \"colorName\" : \"Two\" , \"color\" : { } , \"backgroundColor\" : \"#FFFFFF\" } } } ) ;","Panel ( 0 ) | RetrievePanelOrnaments ( \"tools\" ) ;","Panel ( 0 ) | AddPanelOrnaments ( { \"tools\" : { \"shared\" : { \"colorName\" : \"Four\" , \"color\" : { } , \"backgroundColor\" : \"#FFFFFF\" } } } ) ;","Panel ( 0 ) | RetrievePanelOrnaments ( \"tools\" ) ;","Panel ( 0 ) | AddPanelOrnaments ( { \"tools\" : { \"shared\" : { \"toggleShadow\" : true } } } ) ;","Panel ( 0 ) | RetrievePanelOrnaments ( \"tools.shared.toggleShadow\" ) ;","Panel ( 0 ) | AddPanelOrnaments ( { \"tools\" : { \"shared\" : { \"toggleShadow\" : false } } } ) ;","Panel ( 0 ) | RetrievePanelOrnaments ( \"tools.shared.toggleShadow\" ) ;","Panel ( 0 ) | AddPanelOrnaments ( { \"tools\" : { \"shared\" : { \"toggleShadow\" : true } } } ) ;","Panel ( 0 ) | RetrievePanelOrnaments ( \"tools.shared.toggleShadow\" ) ;","Panel ( 0 ) | AddPanelOrnaments ( { \"tools\" : { \"shared\" : { \"colorName\" : \"Four\" , \"color\" : { } , \"backgroundColor\" : \"#FFFFFF\" } } } ) ;","Panel ( 0 ) | RetrievePanelOrnaments ( \"tools\" ) ;","Panel ( 0 ) | AddPanelOrnaments ( { \"tools\" : { \"shared\" : { \"barImage\" : { \"symbol\" : \"Default (Bar)\" , \"repeat\" : true , \"clip\" : true , \"borderRadius\" : 0 , \"symbolSize\" : 20 } } } } ) ;","Panel ( 0 ) | RetrievePanelOrnaments ( \"tools\" ) ;","Panel ( 0 ) | AddPanelOrnaments ( { \"tools\" : { \"shared\" : { \"axisPointer\" : \"cross\" } } } ) ;","Panel ( 0 ) | RetrievePanelOrnaments ( \"tools.shared.axisPointer\" ) ;","Panel ( 0 ) | AddPanelOrnaments ( { \"tools\" : { \"shared\" : { \"axisPointer\" : \"shadow\" } } } ) ;","Panel ( 0 ) | RetrievePanelOrnaments ( \"tools.shared.axisPointer\" ) ;","if ( ( FRAME812703 | HasDuplicates ( ProductName ) ) , ( Frame ( frame = [ FRAME812703 ] ) | Select ( ProductName , Count ( DetailOrderID ) ) .as ( [ ProductName , Count_of_DetailOrderID ] ) | Group ( ProductName ) | With ( Panel ( 0 ) ) | Format ( type = [ 'table' ] ) | TaskOptions ( { \"0\" : { \"layout\" : \"Column\" , \"alignment\" : { \"label\" : [ \"ProductName\" ] , \"value\" : [ \"Count_of_DetailOrderID\" ] , \"tooltip\" : [ ] , \"facet\" : [ ] } } } ) | Collect ( 2000 ) ) , ( Frame ( frame = [ FRAME812703 ] ) | Select ( ProductName , DetailOrderID ) .as ( [ ProductName , DetailOrderID ] ) | With ( Panel ( 0 ) ) | Format ( type = [ 'table' ] ) | TaskOptions ( { \"0\" : { \"layout\" : \"Column\" , \"alignment\" : { \"label\" : [ \"ProductName\" ] , \"value\" : [ \"DetailOrderID\" ] , \"tooltip\" : [ ] , \"facet\" : [ ] } } } ) | Collect ( 2000 ) ) ) ;","if ( ( FRAME812703 | HasDuplicates ( ProductName ) ) , ( Frame ( frame = [ FRAME812703 ] ) | Select ( ProductName , Average ( ProductStock ) , Count ( DetailOrderID ) ) .as ( [ ProductName , Average_of_ProductStock , Count_of_DetailOrderID ] ) | Group ( ProductName ) | With ( Panel ( 0 ) ) | Format ( type = [ 'table' ] ) | TaskOptions ( { \"0\" : { \"layout\" : \"Column\" , \"alignment\" : { \"label\" : [ \"ProductName\" ] , \"value\" : [ \"Average_of_ProductStock\" , \"Count_of_DetailOrderID\" ] , \"tooltip\" : [ ] , \"facet\" : [ ] } } } ) | Collect ( 2000 ) ) , ( Frame ( frame = [ FRAME812703 ] ) | Select ( ProductName , ProductStock , DetailOrderID ) .as ( [ ProductName , ProductStock , DetailOrderID ] ) | With ( Panel ( 0 ) ) | Format ( type = [ 'table' ] ) | TaskOptions ( { \"0\" : { \"layout\" : \"Column\" , \"alignment\" : { \"label\" : [ \"ProductName\" ] , \"value\" : [ \"ProductStock\" , \"DetailOrderID\" ] , \"tooltip\" : [ ] , \"facet\" : [ ] } } } ) | Collect ( 2000 ) ) ) ;","if ( ( FRAME812703 | HasDuplicates ( ProductName ) ) , ( Frame ( frame = [ FRAME812703 ] ) | Select ( ProductName , Average ( ProductStock ) ) .as ( [ ProductName , Average_of_ProductStock ] ) | Group ( ProductName ) | With ( Panel ( 0 ) ) | Format ( type = [ 'table' ] ) | TaskOptions ( { \"0\" : { \"layout\" : \"Column\" , \"alignment\" : { \"label\" : [ \"ProductName\" ] , \"value\" : [ \"Average_of_ProductStock\" ] , \"tooltip\" : [ ] , \"facet\" : [ ] } } } ) | Collect ( 2000 ) ) , ( Frame ( frame = [ FRAME812703 ] ) | Select ( ProductName , ProductStock ) .as ( [ ProductName , ProductStock ] ) | With ( Panel ( 0 ) ) | Format ( type = [ 'table' ] ) | TaskOptions ( { \"0\" : { \"layout\" : \"Column\" , \"alignment\" : { \"label\" : [ \"ProductName\" ] , \"value\" : [ \"ProductStock\" ] , \"tooltip\" : [ ] , \"facet\" : [ ] } } } ) | Collect ( 2000 ) ) ) ;","if ( ( FRAME812703 | HasDuplicates ( ProductName ) ) , ( Frame ( frame = [ FRAME812703 ] ) | Select ( ProductName , Sum ( ProductStock ) ) .as ( [ ProductName , Sum_of_ProductStock ] ) | Group ( ProductName ) | With ( Panel ( 0 ) ) | Format ( type = [ 'table' ] ) | TaskOptions ( { \"0\" : { \"layout\" : \"Column\" , \"alignment\" : { \"label\" : [ \"ProductName\" ] , \"value\" : [ \"Sum_of_ProductStock\" ] , \"tooltip\" : [ ] , \"facet\" : [ ] } } } ) | Collect ( 2000 ) ) , ( Frame ( frame = [ FRAME812703 ] ) | Select ( ProductName , ProductStock ) .as ( [ ProductName , ProductStock ] ) | With ( Panel ( 0 ) ) | Format ( type = [ 'table' ] ) | TaskOptions ( { \"0\" : { \"layout\" : \"Column\" , \"alignment\" : { \"label\" : [ \"ProductName\" ] , \"value\" : [ \"ProductStock\" ] , \"tooltip\" : [ ] , \"facet\" : [ ] } } } ) | Collect ( 2000 ) ) ) ;","if ( ( FRAME812703 | HasDuplicates ( ProductName ) ) , ( Frame ( frame = [ FRAME812703 ] ) | Select ( ProductName , Count ( ProductStock ) ) .as ( [ ProductName , Count_of_ProductStock ] ) | Group ( ProductName ) | With ( Panel ( 0 ) ) | Format ( type = [ 'table' ] ) | TaskOptions ( { \"0\" : { \"layout\" : \"Column\" , \"alignment\" : { \"label\" : [ \"ProductName\" ] , \"value\" : [ \"Count_of_ProductStock\" ] , \"tooltip\" : [ ] , \"facet\" : [ ] } } } ) | Collect ( 2000 ) ) , ( Frame ( frame = [ FRAME812703 ] ) | Select ( ProductName , ProductStock ) .as ( [ ProductName , ProductStock ] ) | With ( Panel ( 0 ) ) | Format ( type = [ 'table' ] ) | TaskOptions ( { \"0\" : { \"layout\" : \"Column\" , \"alignment\" : { \"label\" : [ \"ProductName\" ] , \"value\" : [ \"ProductStock\" ] , \"tooltip\" : [ ] , \"facet\" : [ ] } } } ) | Collect ( 2000 ) ) ) ;","if ( ( FRAME812703 | HasDuplicates ( ProductName ) ) , ( Frame ( frame = [ FRAME812703 ] ) | Select ( ProductName , UniqueCount ( ProductStock ) ) .as ( [ ProductName , Unique_Count_of_ProductStock ] ) | Group ( ProductName ) | With ( Panel ( 0 ) ) | Format ( type = [ 'table' ] ) | TaskOptions ( { \"0\" : { \"layout\" : \"Column\" , \"alignment\" : { \"label\" : [ \"ProductName\" ] , \"value\" : [ \"Unique_Count_of_ProductStock\" ] , \"tooltip\" : [ ] , \"facet\" : [ ] } } } ) | Collect ( 2000 ) ) , ( Frame ( frame = [ FRAME812703 ] ) | Select ( ProductName , ProductStock ) .as ( [ ProductName , ProductStock ] ) | With ( Panel ( 0 ) ) | Format ( type = [ 'table' ] ) | TaskOptions ( { \"0\" : { \"layout\" : \"Column\" , \"alignment\" : { \"label\" : [ \"ProductName\" ] , \"value\" : [ \"ProductStock\" ] , \"tooltip\" : [ ] , \"facet\" : [ ] } } } ) | Collect ( 2000 ) ) ) ;","if ( ( FRAME812703 | HasDuplicates ( ProductName ) ) , ( Frame ( frame = [ FRAME812703 ] ) | Select ( ProductName , Average ( ProductStock ) ) .as ( [ ProductName , Average_of_ProductStock ] ) | Group ( ProductName ) | With ( Panel ( 0 ) ) | Format ( type = [ 'table' ] ) | TaskOptions ( { \"0\" : { \"layout\" : \"Column\" , \"alignment\" : { \"label\" : [ \"ProductName\" ] , \"value\" : [ \"Average_of_ProductStock\" ] , \"tooltip\" : [ ] , \"facet\" : [ ] } } } ) | Collect ( 2000 ) ) , ( Frame ( frame = [ FRAME812703 ] ) | Select ( ProductName , ProductStock ) .as ( [ ProductName , ProductStock ] ) | With ( Panel ( 0 ) ) | Format ( type = [ 'table' ] ) | TaskOptions ( { \"0\" : { \"layout\" : \"Column\" , \"alignment\" : { \"label\" : [ \"ProductName\" ] , \"value\" : [ \"ProductStock\" ] , \"tooltip\" : [ ] , \"facet\" : [ ] } } } ) | Collect ( 2000 ) ) ) ;","if ( ( FRAME812703 | HasDuplicates ( ProductName ) ) , ( Frame ( frame = [ FRAME812703 ] ) | Select ( ProductName , Average ( ProductStock ) ) .as ( [ ProductName , Average_of_ProductStock ] ) | Group ( ProductName ) | With ( Panel ( 0 ) ) | Format ( type = [ 'table' ] ) | TaskOptions ( { \"0\" : { \"layout\" : \"Line\" , \"alignment\" : { \"label\" : [ \"ProductName\" ] , \"value\" : [ \"Average_of_ProductStock\" ] , \"tooltip\" : [ ] , \"facet\" : [ ] } } } ) | Collect ( 2000 ) ) , ( Frame ( frame = [ FRAME812703 ] ) | Select ( ProductName , ProductStock ) .as ( [ ProductName , ProductStock ] ) | With ( Panel ( 0 ) ) | Format ( type = [ 'table' ] ) | TaskOptions ( { \"0\" : { \"layout\" : \"Line\" , \"alignment\" : { \"label\" : [ \"ProductName\" ] , \"value\" : [ \"ProductStock\" ] , \"tooltip\" : [ ] , \"facet\" : [ ] } } } ) | Collect ( 2000 ) ) ) ;"]}