{"insightID":"632a3d5e-12e4-4598-8c0a-e3a2d4531c3c","pixelReturn":[{"pixelExpression":"CachedPanel ( \"0\" ) ;","isMeta":false,"output":{"panelId":"0","view":"visualization","viewOptions":"{\"type\":\"echarts\"}","viewOptionsMap":{"federate-view":{"app_id":"595ebe4d-b6ae-4fbe-83bd-2e67d8f0ecb7"},"visualization":{"type":"echarts"}},"config":{"type":"STANDARD","opacity":100.0,"labelOverride":false},"ornaments":{"tools":{"shared":{"colorName":"Four","backgroundColor":"#FFFFFF","color":{},"barImage":{"symbol":"Default (Bar)","borderRadius":0.0,"symbolSize":20.0,"repeat":true,"clip":true},"axisPointer":"shadow","toggleShadow":true}}},"events":{"onSingleClick":{"Unfilter":[{"disabledVisuals":["Grid","Sunburst"],"default":true,"query":"(<Frame> | UnfilterFrame(<SelectedColumn>));","options":{},"refresh":false,"disabled":false,"panel":""}]},"onBrush":{"Filter":[{"default":true,"query":"if((IsEmpty(<SelectedValues>)),(<Frame> | UnfilterFrame(<SelectedColumn>)), (<Frame> | SetFrameFilter(<SelectedColumn>==<SelectedValues>)));","options":{},"refresh":false,"disabled":false,"panel":""}]}},"comments":{},"position":{},"filters":[],"order":[],"cbv":[]},"operationType":["CACHED_PANEL"]},{"pixelExpression":"if ( ( FRAME812703 | HasDuplicates ( ProductName ) ) , ( Frame ( frame = [ FRAME812703 ] ) | Select ( ProductName , Average ( ProductStock ) ) .as ( [ ProductName , Average_of_ProductStock ] ) | Group ( ProductName ) | With ( Panel ( 0 ) ) | Format ( type = [ 'table' ] ) | TaskOptions ( { \"0\" : { \"layout\" : \"Line\" , \"alignment\" : { \"label\" : [ \"ProductName\" ] , \"value\" : [ \"Average_of_ProductStock\" ] , \"tooltip\" : [ ] , \"facet\" : [ ] } } } ) | Collect ( 2000 ) ) , ( Frame ( frame = [ FRAME812703 ] ) | Select ( ProductName , ProductStock ) .as ( [ ProductName , ProductStock ] ) | With ( Panel ( 0 ) ) | Format ( type = [ 'table' ] ) | TaskOptions ( { \"0\" : { \"layout\" : \"Line\" , \"alignment\" : { \"label\" : [ \"ProductName\" ] , \"value\" : [ \"ProductStock\" ] , \"tooltip\" : [ ] , \"facet\" : [ ] } } } ) | Collect ( 2000 ) ) ) ;","isMeta":false,"output":{"data":{"values":[["Cotton T-Shirt",100.0],["Jacket1",600.0],["Jacket2",300.0],["Jacket3",652.0],["Shirt2",623.0],["Shirt5",216.0],["Shoes1",100.0],["Shoes2",200.0],["Shoes5",126.0],["T-Shirt4",520.0],["T-Shirt5",326.0]],"headers":["ProductName","Average_of_ProductStock"],"rawHeaders":["PRODUCTNAME","Average_of_ProductStock"]},"headerInfo":[{"alias":"ProductName","header":"ProductName","type":"STRING","derived":false},{"alias":"Average_of_ProductStock","header":"Average_of_ProductStock","calculatedBy":"ProductStock","groupBy":["ProductName"],"math":"Average","type":"NUMBER","derived":true}],"sortInfo":[],"numRows":11,"sources":[{"name":"FRAME812703","type":"FRAME"}],"numCollected":2000,"taskOptions":{"0":{"layout":"Line","alignment":{"tooltip":[],"label":["ProductName"],"value":["Average_of_ProductStock"],"facet":[]}}},"format":{"type":"TABLE"},"filterInfo":[],"taskId":"task1"},"operationType":["TASK_DATA"]}]}