{"insightID":"2c09b4a2-17da-475f-8775-8c7c268ea583","pixelReturn":[{"pixelExpression":"CachedPanel ( \"0\" ) ;","isMeta":false,"output":{"panelId":"0","view":"visualization","viewOptions":"{\"type\":\"echarts\"}","viewOptionsMap":{"federate-view":{"app_id":"595ebe4d-b6ae-4fbe-83bd-2e67d8f0ecb7"},"visualization":{"type":"echarts"}},"config":{"type":"STANDARD","opacity":100.0,"labelOverride":false},"ornaments":{},"events":{"onSingleClick":{"Unfilter":[{"disabledVisuals":["Grid","Sunburst"],"default":true,"query":"(<Frame> | UnfilterFrame(<SelectedColumn>));","options":{},"refresh":false,"disabled":false,"panel":""}]},"onBrush":{"Filter":[{"default":true,"query":"if((IsEmpty(<SelectedValues>)),(<Frame> | UnfilterFrame(<SelectedColumn>)), (<Frame> | SetFrameFilter(<SelectedColumn>==<SelectedValues>)));","options":{},"refresh":false,"disabled":false,"panel":""}]}},"comments":{},"position":{},"filters":[],"order":[],"cbv":[]},"operationType":["CACHED_PANEL"]},{"pixelExpression":"if ( ( FRAME897907 | HasDuplicates ( OptionName ) ) , ( Frame ( frame = [ FRAME897907 ] ) | Select ( OptionName , Average ( ProductID ) ) .as ( [ OptionName , Average_of_ProductID ] ) | Group ( OptionName ) | With ( Panel ( 0 ) ) | Format ( type = [ 'table' ] ) | TaskOptions ( { \"0\" : { \"layout\" : \"Pie\" , \"alignment\" : { \"label\" : [ \"OptionName\" ] , \"value\" : [ \"Average_of_ProductID\" ] , \"heat\" : [ ] , \"tooltip\" : [ ] , \"facet\" : [ ] } } } ) | Collect ( 2000 ) ) , ( Frame ( frame = [ FRAME897907 ] ) | Select ( OptionName , ProductID ) .as ( [ OptionName , ProductID ] ) | With ( Panel ( 0 ) ) | Format ( type = [ 'table' ] ) | TaskOptions ( { \"0\" : { \"layout\" : \"Pie\" , \"alignment\" : { \"label\" : [ \"OptionName\" ] , \"value\" : [ \"ProductID\" ] , \"heat\" : [ ] , \"tooltip\" : [ ] , \"facet\" : [ ] } } } ) | Collect ( 2000 ) ) ) ;","isMeta":false,"output":{"data":{"values":[["Cotton",3],["L",3],["Leather",4],["M",3],["Polyster",4],["S",3],["XL",3],["XXL",1],["blue",3],["green",3],["red",3]],"headers":["OptionName","Average_of_ProductID"],"rawHeaders":["OPTIONNAME","Average_of_ProductID"]},"headerInfo":[{"alias":"OptionName","header":"OptionName","type":"STRING","derived":false},{"alias":"Average_of_ProductID","header":"Average_of_ProductID","calculatedBy":"ProductID","groupBy":["OptionName"],"math":"Average","type":"NUMBER","derived":true}],"sortInfo":[],"numRows":11,"sources":[{"name":"FRAME897907","type":"FRAME"}],"numCollected":2000,"taskOptions":{"0":{"layout":"Pie","alignment":{"heat":[],"tooltip":[],"label":["OptionName"],"value":["Average_of_ProductID"],"facet":[]}}},"format":{"type":"TABLE"},"filterInfo":[],"taskId":"task1"},"operationType":["TASK_DATA"]}]}