{"insightID":"aa8781fb-7e8b-4055-8ecb-b7c0c406f2d7","pixelReturn":[{"pixelExpression":"CachedPanel ( \"0\" ) ;","isMeta":false,"output":{"panelId":"0","view":"visualization","viewOptions":"{\"type\":\"echarts\"}","viewOptionsMap":{"federate-view":{"app_id":"595ebe4d-b6ae-4fbe-83bd-2e67d8f0ecb7"},"visualization":{"type":"echarts"}},"config":{"type":"STANDARD","opacity":100.0,"labelOverride":false},"ornaments":{"tools":{"shared":{"colorName":"Four","backgroundColor":"#FFFFFF","color":{},"barImage":{"symbol":"Default (Bar)","borderRadius":0.0,"symbolSize":20.0,"repeat":true,"clip":true},"axisPointer":"shadow","toggleShadow":true}}},"events":{"onSingleClick":{"Unfilter":[{"disabledVisuals":["Grid","Sunburst"],"default":true,"query":"(<Frame> | UnfilterFrame(<SelectedColumn>));","options":{},"refresh":false,"disabled":false,"panel":""}]},"onBrush":{"Filter":[{"default":true,"query":"if((IsEmpty(<SelectedValues>)),(<Frame> | UnfilterFrame(<SelectedColumn>)), (<Frame> | SetFrameFilter(<SelectedColumn>==<SelectedValues>)));","options":{},"refresh":false,"disabled":false,"panel":""}]}},"comments":{},"position":{},"filters":[],"order":[],"cbv":[]},"operationType":["CACHED_PANEL"]},{"pixelExpression":"if ( ( FRAME812703 | HasDuplicates ( ProductName ) ) , ( Frame ( frame = [ FRAME812703 ] ) | Select ( ProductName , Sum ( OrderAmount ) ) .as ( [ ProductName , Sum_of_OrderAmount ] ) | Group ( ProductName ) | With ( Panel ( 0 ) ) | Format ( type = [ 'table' ] ) | TaskOptions ( { \"0\" : { \"layout\" : \"Pie\" , \"alignment\" : { \"label\" : [ \"ProductName\" ] , \"value\" : [ \"Sum_of_OrderAmount\" ] , \"heat\" : [ ] , \"tooltip\" : [ ] , \"facet\" : [ ] } } } ) | Collect ( 2000 ) ) , ( Frame ( frame = [ FRAME812703 ] ) | Select ( ProductName , OrderAmount ) .as ( [ ProductName , OrderAmount ] ) | With ( Panel ( 0 ) ) | Format ( type = [ 'table' ] ) | TaskOptions ( { \"0\" : { \"layout\" : \"Pie\" , \"alignment\" : { \"label\" : [ \"ProductName\" ] , \"value\" : [ \"OrderAmount\" ] , \"heat\" : [ ] , \"tooltip\" : [ ] , \"facet\" : [ ] } } } ) | Collect ( 2000 ) ) ) ;","isMeta":false,"output":{"data":{"values":[["Cotton T-Shirt",200.0],["Jacket1",1097.0],["Jacket2",119.0],["Jacket3",2048.0],["Shirt2",750.0],["Shirt5",849.0],["Shoes1",699.0],["Shoes2",999.0],["Shoes5",2098.0],["T-Shirt4",199.0],["T-Shirt5",998.0]],"headers":["ProductName","Sum_of_OrderAmount"],"rawHeaders":["PRODUCTNAME","Sum_of_OrderAmount"]},"headerInfo":[{"alias":"ProductName","header":"ProductName","type":"STRING","derived":false},{"alias":"Sum_of_OrderAmount","header":"Sum_of_OrderAmount","calculatedBy":"OrderAmount","groupBy":["ProductName"],"math":"Sum","type":"NUMBER","derived":true}],"sortInfo":[],"numRows":11,"sources":[{"name":"FRAME812703","type":"FRAME"}],"numCollected":2000,"taskOptions":{"0":{"layout":"Pie","alignment":{"heat":[],"tooltip":[],"label":["ProductName"],"value":["Sum_of_OrderAmount"],"facet":[]}}},"format":{"type":"TABLE"},"filterInfo":[],"taskId":"task1"},"operationType":["TASK_DATA"]}]}