{"engineId":"595ebe4d-b6ae-4fbe-83bd-2e67d8f0ecb7","engineName":"Ecommerce","rdbmsId":"4f56351e-12ed-49ac-9d0a-1c4b66195820","varstore":{},"frames":[{"file":"@BaseFolder@/db/@ENGINE@/version/4f56351e-12ed-49ac-9d0a-1c4b66195820/FRAME.gz","meta":"@BaseFolder@/db/@ENGINE@/version/4f56351e-12ed-49ac-9d0a-1c4b66195820/METADATA__FRAME.owl","state":null,"type":"prerna.ds.rdbms.h2.H2Frame","name":"FRAME","keys":["$CUR_FRAME_KEY","FRAME"]}],"panels":[{"panelId":"0","panelLabel":null,"view":"visualization","viewOptions":null,"viewOptionsMap":{},"config":{},"ornaments":{},"events":{},"comments":{},"position":{},"filters":[],"order":[],"cbv":[]}],"tasks":{"tasks":[{"type":"basic","task":{"taskType":"basic","id":"task1","numCollected":500,"internalOffset":0,"taskOptions":"{\"options\":{\"0\":{\"layout\":\"Grid\",\"alignment\":{\"label\":[\"DetailID\",\"DetailName\",\"DetailOrderID\",\"DetailPrice\",\"DetailProductID\",\"DetailQuantity\",\"DetailSKU\"]}}},\"ornament\":false}","qs":{"qsType":"FRAME","frameName":"FRAME","isDistinct":true,"overrideImplicit":false,"limit":500,"offset":0,"relations":"[]","selectors":[{"type":"COLUMN","content":{"table":"FRAME","column":"DetailID","alias":"DetailID","tableAlias":null}},{"type":"COLUMN","content":{"table":"FRAME","column":"DetailName","alias":"DetailName","tableAlias":null}},{"type":"COLUMN","content":{"table":"FRAME","column":"DetailOrderID","alias":"DetailOrderID","tableAlias":null}},{"type":"COLUMN","content":{"table":"FRAME","column":"DetailPrice","alias":"DetailPrice","tableAlias":null}},{"type":"COLUMN","content":{"table":"FRAME","column":"DetailProductID","alias":"DetailProductID","tableAlias":null}},{"type":"COLUMN","content":{"table":"FRAME","column":"DetailQuantity","alias":"DetailQuantity","tableAlias":null}},{"type":"COLUMN","content":{"table":"FRAME","column":"DetailSKU","alias":"DetailSKU","tableAlias":null}}]}}}],"taskCounter":2},"recipe":["AddPanel ( 0 ) ;","Panel ( 0 ) | SetPanelView ( \"visualization\" ) ;","CreateFrame ( grid ) .as ( [ FRAME ] ) ;","Database ( \"595ebe4d-b6ae-4fbe-83bd-2e67d8f0ecb7\" ) | SelectTable ( orderdetails ) | Limit ( 500 ) | Import ( ) ;","Frame ( ) | QueryAll ( ) | AutoTaskOptions ( panel = [ \"0\" ] , layout = [ \"GRID\" ] ) | Collect ( 500 ) ;"]}