{"insightID":"00b161b1-25d0-466f-955a-2bc9d55bc487","pixelReturn":[{"pixelExpression":"CachedPanel ( \"0\" ) ;","isMeta":false,"output":{"panelId":"0","view":"visualization","viewOptionsMap":{},"config":{},"ornaments":{},"events":{},"comments":{},"position":{},"filters":[],"order":[],"cbv":[]},"operationType":["CACHED_PANEL"]},{"pixelExpression":"Frame ( ) | QueryAll ( ) | AutoTaskOptions ( panel = [ \"0\" ] , layout = [ \"GRID\" ] ) | Collect ( 500 ) ;","isMeta":false,"output":{"data":{"values":[[1,"Cotton T-Shirt",1,9.99,1,1,"000-0001"],[2,"Shoes1",5,10.55,5,2,"000-0007"],[3,"Jacket1",6,50.22,4,4,"000-0006"],[4,"Shirt2",9,12.22,8,2,"000-0010"],[5,"Jacket3",11,11.66,15,1,"000-0017"],[6,"Shoes2",4,10.33,9,2,"000-0011"],[7,"Shirt2",3,12.22,8,1,"000-0010"],[8,"T-Shirt5",2,99.99,18,2,"000-0020"],[9,"Jacket1",13,50.22,4,1,"000-0006"],[10,"Shirt5",15,25.55,21,3,"000-0023"],[11,"Jacket3",17,11.66,15,1,"000-0017"],[12,"Shoes2",16,10.33,9,2,"000-0011"],[13,"Shoes5",10,45.55,19,1,"000-0021"],[14,"T-Shirt5",21,99.99,18,2,"000-0020"],[15,"Jacket1",14,50.22,4,1,"000-0006"],[16,"T-Shirt4",18,55.55,12,1,"000-0014"],[17,"Jacket2",7,15.22,10,2,"000-0012"],[18,"Jacket3",12,11.66,15,1,"000-0017"],[19,"Shoes5",8,45.55,19,1,"000-0021"],[20,"Shirt5",20,25.55,21,2,"000-0023"],[21,"T-Shirt5",19,99.99,18,1,"000-0020"]],"headers":["DetailID","DetailName","DetailOrderID","DetailPrice","DetailProductID","DetailQuantity","DetailSKU"],"rawHeaders":["DETAILID","DETAILNAME","DETAILORDERID","DETAILPRICE","DETAILPRODUCTID","DETAILQUANTITY","DETAILSKU"]},"headerInfo":[{"alias":"DetailID","header":"FRAME__DetailID","type":"NUMBER","derived":false},{"alias":"DetailName","header":"FRAME__DetailName","type":"STRING","derived":false},{"alias":"DetailOrderID","header":"FRAME__DetailOrderID","type":"NUMBER","derived":false},{"alias":"DetailPrice","header":"FRAME__DetailPrice","type":"NUMBER","derived":false},{"alias":"DetailProductID","header":"FRAME__DetailProductID","type":"NUMBER","derived":false},{"alias":"DetailQuantity","header":"FRAME__DetailQuantity","type":"NUMBER","derived":false},{"alias":"DetailSKU","header":"FRAME__DetailSKU","type":"STRING","derived":false}],"sortInfo":[],"numRows":21,"sources":[{"name":"FRAME","type":"FRAME"}],"numCollected":500,"taskOptions":{"0":{"layout":"Grid","alignment":{"label":["DetailID","DetailName","DetailOrderID","DetailPrice","DetailProductID","DetailQuantity","DetailSKU"]}}},"format":{"type":"TABLE"},"filterInfo":[],"taskId":"task1"},"operationType":["TASK_DATA"]}]}