{"engineId":"595ebe4d-b6ae-4fbe-83bd-2e67d8f0ecb7","engineName":"Ecommerce","rdbmsId":"1750c230-0bd1-4472-bbde-20635254cdc2","varstore":{},"frames":[{"file":"@BaseFolder@/db/@ENGINE@/version/1750c230-0bd1-4472-bbde-20635254cdc2/FRAME897907.gz","meta":"@BaseFolder@/db/@ENGINE@/version/1750c230-0bd1-4472-bbde-20635254cdc2/METADATA__FRAME897907.owl","state":null,"type":"prerna.ds.rdbms.h2.H2Frame","name":"FRAME897907","keys":["FRAME897907","$CUR_FRAME_KEY"]}],"panels":[{"panelId":"0","panelLabel":null,"view":"visualization","viewOptions":"{\"type\":\"echarts\"}","viewOptionsMap":{"federate-view":{"app_id":"595ebe4d-b6ae-4fbe-83bd-2e67d8f0ecb7"},"visualization":{"type":"echarts"}},"config":{"subType":"","type":"STANDARD","opacity":100,"labelOverride":false},"ornaments":{},"events":{"onSingleClick":{"Unfilter":[{"disabledVisuals":["Grid","Sunburst"],"default":true,"query":"(<Frame> | UnfilterFrame(<SelectedColumn>));","options":{},"refresh":false,"disabled":false,"panel":""}]},"onBrush":{"Filter":[{"default":true,"query":"if((IsEmpty(<SelectedValues>)),(<Frame> | UnfilterFrame(<SelectedColumn>)), (<Frame> | SetFrameFilter(<SelectedColumn>==<SelectedValues>)));","options":{},"refresh":false,"disabled":false,"panel":""}]}},"comments":{},"position":{},"filters":[],"order":[],"cbv":[]}],"tasks":{"tasks":[{"type":"basic","task":{"taskType":"basic","id":"task1","numCollected":2000,"internalOffset":0,"taskOptions":"{\"options\":{\"0\":{\"layout\":\"Grid\",\"alignment\":{\"label\":[\"OptionGroupID\",\"OptionGroupName\",\"OptionID\",\"OptionName\",\"OptionPriceIncrement\",\"ProductID\",\"ProductOptionID\"]}}},\"ornament\":false}","qs":{"qsType":"FRAME","frameName":"FRAME897907","isDistinct":true,"overrideImplicit":false,"limit":2000,"offset":0,"relations":"[]","selectors":[{"type":"COLUMN","content":{"table":"FRAME897907","column":"OptionGroupID","alias":"OptionGroupID","tableAlias":null}},{"type":"COLUMN","content":{"table":"FRAME897907","column":"OptionGroupName","alias":"OptionGroupName","tableAlias":null}},{"type":"COLUMN","content":{"table":"FRAME897907","column":"OptionID","alias":"OptionID","tableAlias":null}},{"type":"COLUMN","content":{"table":"FRAME897907","column":"OptionName","alias":"OptionName","tableAlias":null}},{"type":"COLUMN","content":{"table":"FRAME897907","column":"OptionPriceIncrement","alias":"OptionPriceIncrement","tableAlias":null}},{"type":"COLUMN","content":{"table":"FRAME897907","column":"ProductID","alias":"ProductID","tableAlias":null}},{"type":"COLUMN","content":{"table":"FRAME897907","column":"ProductOptionID","alias":"ProductOptionID","tableAlias":null}}]}}},{"type":"basic","task":{"taskType":"basic","id":"task3","numCollected":2000,"internalOffset":0,"taskOptions":"{\"options\":{\"0\":{\"layout\":\"Grid\",\"alignment\":{\"label\":[\"OptionGroupID\",\"OptionGroupName\",\"OptionID\",\"OptionName\",\"OptionPriceIncrement\",\"ProductID\",\"ProductName\",\"ProductOptionID\"]}}},\"ornament\":false}","qs":{"qsType":"FRAME","frameName":"FRAME897907","isDistinct":true,"overrideImplicit":false,"limit":2000,"offset":0,"relations":"[]","selectors":[{"type":"COLUMN","content":{"table":"FRAME897907","column":"OptionGroupID","alias":"OptionGroupID","tableAlias":null}},{"type":"COLUMN","content":{"table":"FRAME897907","column":"OptionGroupName","alias":"OptionGroupName","tableAlias":null}},{"type":"COLUMN","content":{"table":"FRAME897907","column":"OptionID","alias":"OptionID","tableAlias":null}},{"type":"COLUMN","content":{"table":"FRAME897907","column":"OptionName","alias":"OptionName","tableAlias":null}},{"type":"COLUMN","content":{"table":"FRAME897907","column":"OptionPriceIncrement","alias":"OptionPriceIncrement","tableAlias":null}},{"type":"COLUMN","content":{"table":"FRAME897907","column":"ProductID","alias":"ProductID","tableAlias":null}},{"type":"COLUMN","content":{"table":"FRAME897907","column":"ProductName","alias":"ProductName","tableAlias":null}},{"type":"COLUMN","content":{"table":"FRAME897907","column":"ProductOptionID","alias":"ProductOptionID","tableAlias":null}}]}}},{"type":"basic","task":{"taskType":"basic","id":"task5","numCollected":2000,"internalOffset":0,"taskOptions":"{\"options\":{\"0\":{\"layout\":\"Area\",\"alignment\":{\"tooltip\":[],\"label\":[\"OptionName\"],\"value\":[\"Count_of_ProductName\"],\"facet\":[]}}},\"ornament\":false}","qs":{"qsType":"FRAME","frameName":"FRAME897907","isDistinct":true,"overrideImplicit":false,"limit":2000,"offset":0,"relations":"[]","groups":["{\"column\":\"PRIM_KEY_PLACEHOLDER\",\"table\":\"OptionName\",\"alias\":\"\"}"],"selectors":[{"type":"COLUMN","content":{"table":"OptionName","column":"PRIM_KEY_PLACEHOLDER","alias":"OptionName","tableAlias":null}},{"type":"FUNCTION","content":{"alias":"Count_of_ProductName","function":"count","distinct":false,"colCast":"","innerSelectors":[{"type":"COLUMN","content":{"table":"ProductName","column":"PRIM_KEY_PLACEHOLDER","alias":"ProductName","tableAlias":null}}]}}]}}},{"type":"basic","task":{"taskType":"basic","id":"task7","numCollected":2000,"internalOffset":0,"taskOptions":"{\"options\":{\"0\":{\"layout\":\"Area\",\"alignment\":{\"tooltip\":[],\"label\":[\"OptionGroupName\"],\"value\":[\"Count_of_ProductName\"],\"facet\":[]}}},\"ornament\":false}","qs":{"qsType":"FRAME","frameName":"FRAME897907","isDistinct":true,"overrideImplicit":false,"limit":2000,"offset":0,"relations":"[]","groups":["{\"column\":\"PRIM_KEY_PLACEHOLDER\",\"table\":\"OptionGroupName\",\"alias\":\"\"}"],"selectors":[{"type":"COLUMN","content":{"table":"OptionGroupName","column":"PRIM_KEY_PLACEHOLDER","alias":"OptionGroupName","tableAlias":null}},{"type":"FUNCTION","content":{"alias":"Count_of_ProductName","function":"count","distinct":false,"colCast":"","innerSelectors":[{"type":"COLUMN","content":{"table":"ProductName","column":"PRIM_KEY_PLACEHOLDER","alias":"ProductName","tableAlias":null}}]}}]}}},{"type":"basic","task":{"taskType":"basic","id":"task9","numCollected":2000,"internalOffset":0,"taskOptions":"{\"options\":{\"0\":{\"layout\":\"Area\",\"alignment\":{\"tooltip\":[],\"label\":[\"OptionName\"],\"value\":[\"Count_of_ProductName\"],\"facet\":[]}}},\"ornament\":false}","qs":{"qsType":"FRAME","frameName":"FRAME897907","isDistinct":true,"overrideImplicit":false,"limit":2000,"offset":0,"relations":"[]","groups":["{\"column\":\"PRIM_KEY_PLACEHOLDER\",\"table\":\"OptionName\",\"alias\":\"\"}"],"selectors":[{"type":"COLUMN","content":{"table":"OptionName","column":"PRIM_KEY_PLACEHOLDER","alias":"OptionName","tableAlias":null}},{"type":"FUNCTION","content":{"alias":"Count_of_ProductName","function":"count","distinct":false,"colCast":"","innerSelectors":[{"type":"COLUMN","content":{"table":"ProductName","column":"PRIM_KEY_PLACEHOLDER","alias":"ProductName","tableAlias":null}}]}}]}}},{"type":"basic","task":{"taskType":"basic","id":"task11","numCollected":2000,"internalOffset":0,"taskOptions":"{\"options\":{\"0\":{\"layout\":\"Area\",\"alignment\":{\"tooltip\":[],\"label\":[\"OptionName\"],\"value\":[\"Count_of_ProductName\",\"Count_of_OptionName\"],\"facet\":[]}}},\"ornament\":false}","qs":{"qsType":"FRAME","frameName":"FRAME897907","isDistinct":true,"overrideImplicit":false,"limit":2000,"offset":0,"relations":"[]","groups":["{\"column\":\"PRIM_KEY_PLACEHOLDER\",\"table\":\"OptionName\",\"alias\":\"\"}"],"selectors":[{"type":"COLUMN","content":{"table":"OptionName","column":"PRIM_KEY_PLACEHOLDER","alias":"OptionName","tableAlias":null}},{"type":"FUNCTION","content":{"alias":"Count_of_ProductName","function":"count","distinct":false,"colCast":"","innerSelectors":[{"type":"COLUMN","content":{"table":"ProductName","column":"PRIM_KEY_PLACEHOLDER","alias":"ProductName","tableAlias":null}}]}},{"type":"FUNCTION","content":{"alias":"Count_of_OptionName","function":"count","distinct":false,"colCast":"","innerSelectors":[{"type":"COLUMN","content":{"table":"OptionName","column":"PRIM_KEY_PLACEHOLDER","alias":"OptionName","tableAlias":null}}]}}]}}},{"type":"basic","task":{"taskType":"basic","id":"task13","numCollected":2000,"internalOffset":0,"taskOptions":"{\"options\":{\"0\":{\"layout\":\"Area\",\"alignment\":{\"tooltip\":[],\"label\":[\"OptionName\"],\"value\":[\"Count_of_ProductName\"],\"facet\":[]}}},\"ornament\":false}","qs":{"qsType":"FRAME","frameName":"FRAME897907","isDistinct":true,"overrideImplicit":false,"limit":2000,"offset":0,"relations":"[]","groups":["{\"column\":\"PRIM_KEY_PLACEHOLDER\",\"table\":\"OptionName\",\"alias\":\"\"}"],"selectors":[{"type":"COLUMN","content":{"table":"OptionName","column":"PRIM_KEY_PLACEHOLDER","alias":"OptionName","tableAlias":null}},{"type":"FUNCTION","content":{"alias":"Count_of_ProductName","function":"count","distinct":false,"colCast":"","innerSelectors":[{"type":"COLUMN","content":{"table":"ProductName","column":"PRIM_KEY_PLACEHOLDER","alias":"ProductName","tableAlias":null}}]}}]}}},{"type":"basic","task":{"taskType":"basic","id":"task15","numCollected":2000,"internalOffset":0,"taskOptions":"{\"options\":{\"0\":{\"layout\":\"Area\",\"alignment\":{\"tooltip\":[],\"label\":[\"OptionGroupName\"],\"value\":[\"Count_of_ProductName\"],\"facet\":[]}}},\"ornament\":false}","qs":{"qsType":"FRAME","frameName":"FRAME897907","isDistinct":true,"overrideImplicit":false,"limit":2000,"offset":0,"relations":"[]","groups":["{\"column\":\"PRIM_KEY_PLACEHOLDER\",\"table\":\"OptionGroupName\",\"alias\":\"\"}"],"selectors":[{"type":"COLUMN","content":{"table":"OptionGroupName","column":"PRIM_KEY_PLACEHOLDER","alias":"OptionGroupName","tableAlias":null}},{"type":"FUNCTION","content":{"alias":"Count_of_ProductName","function":"count","distinct":false,"colCast":"","innerSelectors":[{"type":"COLUMN","content":{"table":"ProductName","column":"PRIM_KEY_PLACEHOLDER","alias":"ProductName","tableAlias":null}}]}}]}}},{"type":"basic","task":{"taskType":"basic","id":"task17","numCollected":2000,"internalOffset":0,"taskOptions":"{\"options\":{\"0\":{\"layout\":\"Area\",\"alignment\":{\"tooltip\":[],\"label\":[\"OptionGroupName\"],\"value\":[\"Count_of_ProductName\",\"Count_of_OptionName\"],\"facet\":[]}}},\"ornament\":false}","qs":{"qsType":"FRAME","frameName":"FRAME897907","isDistinct":true,"overrideImplicit":false,"limit":2000,"offset":0,"relations":"[]","groups":["{\"column\":\"PRIM_KEY_PLACEHOLDER\",\"table\":\"OptionGroupName\",\"alias\":\"\"}"],"selectors":[{"type":"COLUMN","content":{"table":"OptionGroupName","column":"PRIM_KEY_PLACEHOLDER","alias":"OptionGroupName","tableAlias":null}},{"type":"FUNCTION","content":{"alias":"Count_of_ProductName","function":"count","distinct":false,"colCast":"","innerSelectors":[{"type":"COLUMN","content":{"table":"ProductName","column":"PRIM_KEY_PLACEHOLDER","alias":"ProductName","tableAlias":null}}]}},{"type":"FUNCTION","content":{"alias":"Count_of_OptionName","function":"count","distinct":false,"colCast":"","innerSelectors":[{"type":"COLUMN","content":{"table":"OptionName","column":"PRIM_KEY_PLACEHOLDER","alias":"OptionName","tableAlias":null}}]}}]}}},{"type":"basic","task":{"taskType":"basic","id":"task19","numCollected":2000,"internalOffset":0,"taskOptions":"{\"options\":{\"0\":{\"layout\":\"Area\",\"alignment\":{\"tooltip\":[],\"label\":[\"OptionGroupName\"],\"value\":[\"Count_of_OptionName\"],\"facet\":[]}}},\"ornament\":false}","qs":{"qsType":"FRAME","frameName":"FRAME897907","isDistinct":true,"overrideImplicit":false,"limit":2000,"offset":0,"relations":"[]","groups":["{\"column\":\"PRIM_KEY_PLACEHOLDER\",\"table\":\"OptionGroupName\",\"alias\":\"\"}"],"selectors":[{"type":"COLUMN","content":{"table":"OptionGroupName","column":"PRIM_KEY_PLACEHOLDER","alias":"OptionGroupName","tableAlias":null}},{"type":"FUNCTION","content":{"alias":"Count_of_OptionName","function":"count","distinct":false,"colCast":"","innerSelectors":[{"type":"COLUMN","content":{"table":"OptionName","column":"PRIM_KEY_PLACEHOLDER","alias":"OptionName","tableAlias":null}}]}}]}}},{"type":"basic","task":{"taskType":"basic","id":"task21","numCollected":2000,"internalOffset":0,"taskOptions":"{\"options\":{\"0\":{\"layout\":\"Area\",\"alignment\":{\"tooltip\":[],\"label\":[\"OptionGroupName\"],\"value\":[\"Average_of_ProductID\",\"Count_of_OptionName\"],\"facet\":[]}}},\"ornament\":false}","qs":{"qsType":"FRAME","frameName":"FRAME897907","isDistinct":true,"overrideImplicit":false,"limit":2000,"offset":0,"relations":"[]","groups":["{\"column\":\"PRIM_KEY_PLACEHOLDER\",\"table\":\"OptionGroupName\",\"alias\":\"\"}"],"selectors":[{"type":"COLUMN","content":{"table":"OptionGroupName","column":"PRIM_KEY_PLACEHOLDER","alias":"OptionGroupName","tableAlias":null}},{"type":"FUNCTION","content":{"alias":"Average_of_ProductID","function":"mean","distinct":false,"colCast":"","innerSelectors":[{"type":"COLUMN","content":{"table":"ProductID","column":"PRIM_KEY_PLACEHOLDER","alias":"ProductID","tableAlias":null}}]}},{"type":"FUNCTION","content":{"alias":"Count_of_OptionName","function":"count","distinct":false,"colCast":"","innerSelectors":[{"type":"COLUMN","content":{"table":"OptionName","column":"PRIM_KEY_PLACEHOLDER","alias":"OptionName","tableAlias":null}}]}}]}}},{"type":"basic","task":{"taskType":"basic","id":"task23","numCollected":2000,"internalOffset":0,"taskOptions":"{\"options\":{\"0\":{\"layout\":\"Area\",\"alignment\":{\"tooltip\":[],\"label\":[\"OptionGroupName\"],\"value\":[\"Count_of_ProductID\",\"Count_of_OptionName\"],\"facet\":[]}}},\"ornament\":false}","qs":{"qsType":"FRAME","frameName":"FRAME897907","isDistinct":true,"overrideImplicit":false,"limit":2000,"offset":0,"relations":"[]","groups":["{\"column\":\"PRIM_KEY_PLACEHOLDER\",\"table\":\"OptionGroupName\",\"alias\":\"\"}"],"selectors":[{"type":"COLUMN","content":{"table":"OptionGroupName","column":"PRIM_KEY_PLACEHOLDER","alias":"OptionGroupName","tableAlias":null}},{"type":"FUNCTION","content":{"alias":"Count_of_ProductID","function":"count","distinct":false,"colCast":"","innerSelectors":[{"type":"COLUMN","content":{"table":"ProductID","column":"PRIM_KEY_PLACEHOLDER","alias":"ProductID","tableAlias":null}}]}},{"type":"FUNCTION","content":{"alias":"Count_of_OptionName","function":"count","distinct":false,"colCast":"","innerSelectors":[{"type":"COLUMN","content":{"table":"OptionName","column":"PRIM_KEY_PLACEHOLDER","alias":"OptionName","tableAlias":null}}]}}]}}},{"type":"basic","task":{"taskType":"basic","id":"task25","numCollected":2000,"internalOffset":0,"taskOptions":"{\"options\":{\"0\":{\"layout\":\"Area\",\"alignment\":{\"tooltip\":[\"Count_of_ProductName\"],\"label\":[\"OptionGroupName\"],\"value\":[\"Count_of_ProductID\",\"Count_of_OptionName\"],\"facet\":[]}}},\"ornament\":false}","qs":{"qsType":"FRAME","frameName":"FRAME897907","isDistinct":true,"overrideImplicit":false,"limit":2000,"offset":0,"relations":"[]","groups":["{\"column\":\"PRIM_KEY_PLACEHOLDER\",\"table\":\"OptionGroupName\",\"alias\":\"\"}"],"selectors":[{"type":"COLUMN","content":{"table":"OptionGroupName","column":"PRIM_KEY_PLACEHOLDER","alias":"OptionGroupName","tableAlias":null}},{"type":"FUNCTION","content":{"alias":"Count_of_ProductID","function":"count","distinct":false,"colCast":"","innerSelectors":[{"type":"COLUMN","content":{"table":"ProductID","column":"PRIM_KEY_PLACEHOLDER","alias":"ProductID","tableAlias":null}}]}},{"type":"FUNCTION","content":{"alias":"Count_of_OptionName","function":"count","distinct":false,"colCast":"","innerSelectors":[{"type":"COLUMN","content":{"table":"OptionName","column":"PRIM_KEY_PLACEHOLDER","alias":"OptionName","tableAlias":null}}]}},{"type":"FUNCTION","content":{"alias":"Count_of_ProductName","function":"count","distinct":false,"colCast":"","innerSelectors":[{"type":"COLUMN","content":{"table":"ProductName","column":"PRIM_KEY_PLACEHOLDER","alias":"ProductName","tableAlias":null}}]}}]}}},{"type":"basic","task":{"taskType":"basic","id":"task27","numCollected":2000,"internalOffset":0,"taskOptions":"{\"options\":{\"0\":{\"layout\":\"Area\",\"alignment\":{\"tooltip\":[\"Count_of_ProductName\"],\"label\":[\"OptionName\"],\"value\":[\"Count_of_ProductName\"],\"facet\":[]}}},\"ornament\":false}","qs":{"qsType":"FRAME","frameName":"FRAME897907","isDistinct":true,"overrideImplicit":false,"limit":2000,"offset":0,"relations":"[]","groups":["{\"column\":\"PRIM_KEY_PLACEHOLDER\",\"table\":\"OptionName\",\"alias\":\"\"}"],"selectors":[{"type":"COLUMN","content":{"table":"OptionName","column":"PRIM_KEY_PLACEHOLDER","alias":"OptionName","tableAlias":null}},{"type":"FUNCTION","content":{"alias":"Count_of_ProductName","function":"count","distinct":false,"colCast":"","innerSelectors":[{"type":"COLUMN","content":{"table":"ProductName","column":"PRIM_KEY_PLACEHOLDER","alias":"ProductName","tableAlias":null}}]}}]}}},{"type":"basic","task":{"taskType":"basic","id":"task29","numCollected":2000,"internalOffset":0,"taskOptions":"{\"options\":{\"0\":{\"layout\":\"Area\",\"alignment\":{\"tooltip\":[\"Count_of_ProductName\"],\"label\":[\"OptionName\"],\"value\":[\"Count_of_ProductName\",\"Count_of_ProductName\"],\"facet\":[]}}},\"ornament\":false}","qs":{"qsType":"FRAME","frameName":"FRAME897907","isDistinct":true,"overrideImplicit":false,"limit":2000,"offset":0,"relations":"[]","groups":["{\"column\":\"PRIM_KEY_PLACEHOLDER\",\"table\":\"OptionName\",\"alias\":\"\"}"],"selectors":[{"type":"COLUMN","content":{"table":"OptionName","column":"PRIM_KEY_PLACEHOLDER","alias":"OptionName","tableAlias":null}},{"type":"FUNCTION","content":{"alias":"Count_of_ProductName","function":"count","distinct":false,"colCast":"","innerSelectors":[{"type":"COLUMN","content":{"table":"ProductName","column":"PRIM_KEY_PLACEHOLDER","alias":"ProductName","tableAlias":null}}]}}]}}},{"type":"basic","task":{"taskType":"basic","id":"task31","numCollected":2000,"internalOffset":0,"taskOptions":"{\"options\":{\"0\":{\"layout\":\"Area\",\"alignment\":{\"tooltip\":[\"Count_of_ProductName\"],\"label\":[\"OptionName\"],\"value\":[\"Count_of_ProductName\"],\"facet\":[]}}},\"ornament\":false}","qs":{"qsType":"FRAME","frameName":"FRAME897907","isDistinct":true,"overrideImplicit":false,"limit":2000,"offset":0,"relations":"[]","groups":["{\"column\":\"PRIM_KEY_PLACEHOLDER\",\"table\":\"OptionName\",\"alias\":\"\"}"],"selectors":[{"type":"COLUMN","content":{"table":"OptionName","column":"PRIM_KEY_PLACEHOLDER","alias":"OptionName","tableAlias":null}},{"type":"FUNCTION","content":{"alias":"Count_of_ProductName","function":"count","distinct":false,"colCast":"","innerSelectors":[{"type":"COLUMN","content":{"table":"ProductName","column":"PRIM_KEY_PLACEHOLDER","alias":"ProductName","tableAlias":null}}]}}]}}},{"type":"basic","task":{"taskType":"basic","id":"task33","numCollected":2000,"internalOffset":0,"taskOptions":"{\"options\":{\"0\":{\"layout\":\"Area\",\"alignment\":{\"tooltip\":[\"Count_of_ProductName\"],\"label\":[\"OptionName\"],\"value\":[\"Count_of_ProductName\"],\"facet\":[]}}},\"ornament\":false}","qs":{"qsType":"FRAME","frameName":"FRAME897907","isDistinct":true,"overrideImplicit":false,"limit":2000,"offset":0,"relations":"[]","groups":["{\"column\":\"PRIM_KEY_PLACEHOLDER\",\"table\":\"OptionName\",\"alias\":\"\"}"],"selectors":[{"type":"COLUMN","content":{"table":"OptionName","column":"PRIM_KEY_PLACEHOLDER","alias":"OptionName","tableAlias":null}},{"type":"FUNCTION","content":{"alias":"Count_of_ProductName","function":"count","distinct":false,"colCast":"","innerSelectors":[{"type":"COLUMN","content":{"table":"ProductName","column":"PRIM_KEY_PLACEHOLDER","alias":"ProductName","tableAlias":null}}]}}]}}},{"type":"basic","task":{"taskType":"basic","id":"task35","numCollected":2000,"internalOffset":0,"taskOptions":"{\"options\":{\"0\":{\"layout\":\"Column\",\"alignment\":{\"tooltip\":[\"Count_of_ProductName\"],\"label\":[\"OptionName\"],\"value\":[\"Count_of_ProductName\"],\"facet\":[]}}},\"ornament\":false}","qs":{"qsType":"FRAME","frameName":"FRAME897907","isDistinct":true,"overrideImplicit":false,"limit":2000,"offset":0,"relations":"[]","groups":["{\"column\":\"PRIM_KEY_PLACEHOLDER\",\"table\":\"OptionName\",\"alias\":\"\"}"],"selectors":[{"type":"COLUMN","content":{"table":"OptionName","column":"PRIM_KEY_PLACEHOLDER","alias":"OptionName","tableAlias":null}},{"type":"FUNCTION","content":{"alias":"Count_of_ProductName","function":"count","distinct":false,"colCast":"","innerSelectors":[{"type":"COLUMN","content":{"table":"ProductName","column":"PRIM_KEY_PLACEHOLDER","alias":"ProductName","tableAlias":null}}]}}]}}},{"type":"basic","task":{"taskType":"basic","id":"task37","numCollected":2000,"internalOffset":0,"taskOptions":"{\"options\":{\"0\":{\"layout\":\"Column\",\"alignment\":{\"tooltip\":[\"Count_of_ProductName\"],\"label\":[\"OptionName\"],\"value\":[\"Count_of_ProductName\",\"Count_of_OptionName\"],\"facet\":[]}}},\"ornament\":false}","qs":{"qsType":"FRAME","frameName":"FRAME897907","isDistinct":true,"overrideImplicit":false,"limit":2000,"offset":0,"relations":"[]","groups":["{\"column\":\"PRIM_KEY_PLACEHOLDER\",\"table\":\"OptionName\",\"alias\":\"\"}"],"selectors":[{"type":"COLUMN","content":{"table":"OptionName","column":"PRIM_KEY_PLACEHOLDER","alias":"OptionName","tableAlias":null}},{"type":"FUNCTION","content":{"alias":"Count_of_ProductName","function":"count","distinct":false,"colCast":"","innerSelectors":[{"type":"COLUMN","content":{"table":"ProductName","column":"PRIM_KEY_PLACEHOLDER","alias":"ProductName","tableAlias":null}}]}},{"type":"FUNCTION","content":{"alias":"Count_of_OptionName","function":"count","distinct":false,"colCast":"","innerSelectors":[{"type":"COLUMN","content":{"table":"OptionName","column":"PRIM_KEY_PLACEHOLDER","alias":"OptionName","tableAlias":null}}]}}]}}},{"type":"basic","task":{"taskType":"basic","id":"task39","numCollected":2000,"internalOffset":0,"taskOptions":"{\"options\":{\"0\":{\"layout\":\"Column\",\"alignment\":{\"tooltip\":[\"Count_of_ProductName\"],\"label\":[\"OptionName\"],\"value\":[\"Count_of_OptionName\"],\"facet\":[]}}},\"ornament\":false}","qs":{"qsType":"FRAME","frameName":"FRAME897907","isDistinct":true,"overrideImplicit":false,"limit":2000,"offset":0,"relations":"[]","groups":["{\"column\":\"PRIM_KEY_PLACEHOLDER\",\"table\":\"OptionName\",\"alias\":\"\"}"],"selectors":[{"type":"COLUMN","content":{"table":"OptionName","column":"PRIM_KEY_PLACEHOLDER","alias":"OptionName","tableAlias":null}},{"type":"FUNCTION","content":{"alias":"Count_of_OptionName","function":"count","distinct":false,"colCast":"","innerSelectors":[{"type":"COLUMN","content":{"table":"OptionName","column":"PRIM_KEY_PLACEHOLDER","alias":"OptionName","tableAlias":null}}]}},{"type":"FUNCTION","content":{"alias":"Count_of_ProductName","function":"count","distinct":false,"colCast":"","innerSelectors":[{"type":"COLUMN","content":{"table":"ProductName","column":"PRIM_KEY_PLACEHOLDER","alias":"ProductName","tableAlias":null}}]}}]}}},{"type":"basic","task":{"taskType":"basic","id":"task41","numCollected":2000,"internalOffset":0,"taskOptions":"{\"options\":{\"0\":{\"layout\":\"Column\",\"alignment\":{\"tooltip\":[\"Count_of_ProductName\"],\"label\":[\"ProductName\"],\"value\":[\"Count_of_OptionName\"],\"facet\":[]}}},\"ornament\":false}","qs":{"qsType":"FRAME","frameName":"FRAME897907","isDistinct":true,"overrideImplicit":false,"limit":2000,"offset":0,"relations":"[]","groups":["{\"column\":\"PRIM_KEY_PLACEHOLDER\",\"table\":\"ProductName\",\"alias\":\"\"}"],"selectors":[{"type":"COLUMN","content":{"table":"ProductName","column":"PRIM_KEY_PLACEHOLDER","alias":"ProductName","tableAlias":null}},{"type":"FUNCTION","content":{"alias":"Count_of_OptionName","function":"count","distinct":false,"colCast":"","innerSelectors":[{"type":"COLUMN","content":{"table":"OptionName","column":"PRIM_KEY_PLACEHOLDER","alias":"OptionName","tableAlias":null}}]}},{"type":"FUNCTION","content":{"alias":"Count_of_ProductName","function":"count","distinct":false,"colCast":"","innerSelectors":[{"type":"COLUMN","content":{"table":"ProductName","column":"PRIM_KEY_PLACEHOLDER","alias":"ProductName","tableAlias":null}}]}}]}}},{"type":"basic","task":{"taskType":"basic","id":"task43","numCollected":2000,"internalOffset":0,"taskOptions":"{\"options\":{\"0\":{\"layout\":\"Column\",\"alignment\":{\"tooltip\":[\"Count_of_ProductName\"],\"label\":[\"ProductName\"],\"value\":[\"Count_of_OptionGroupName\",\"Count_of_OptionName\"],\"facet\":[]}}},\"ornament\":false}","qs":{"qsType":"FRAME","frameName":"FRAME897907","isDistinct":true,"overrideImplicit":false,"limit":2000,"offset":0,"relations":"[]","groups":["{\"column\":\"PRIM_KEY_PLACEHOLDER\",\"table\":\"ProductName\",\"alias\":\"\"}"],"selectors":[{"type":"COLUMN","content":{"table":"ProductName","column":"PRIM_KEY_PLACEHOLDER","alias":"ProductName","tableAlias":null}},{"type":"FUNCTION","content":{"alias":"Count_of_OptionGroupName","function":"count","distinct":false,"colCast":"","innerSelectors":[{"type":"COLUMN","content":{"table":"OptionGroupName","column":"PRIM_KEY_PLACEHOLDER","alias":"OptionGroupName","tableAlias":null}}]}},{"type":"FUNCTION","content":{"alias":"Count_of_OptionName","function":"count","distinct":false,"colCast":"","innerSelectors":[{"type":"COLUMN","content":{"table":"OptionName","column":"PRIM_KEY_PLACEHOLDER","alias":"OptionName","tableAlias":null}}]}},{"type":"FUNCTION","content":{"alias":"Count_of_ProductName","function":"count","distinct":false,"colCast":"","innerSelectors":[{"type":"COLUMN","content":{"table":"ProductName","column":"PRIM_KEY_PLACEHOLDER","alias":"ProductName","tableAlias":null}}]}}]}}},{"type":"basic","task":{"taskType":"basic","id":"task45","numCollected":2000,"internalOffset":0,"taskOptions":"{\"options\":{\"0\":{\"layout\":\"Column\",\"alignment\":{\"tooltip\":[\"Count_of_ProductName\"],\"label\":[\"ProductName\"],\"value\":[\"Count_of_OptionName\"],\"facet\":[]}}},\"ornament\":false}","qs":{"qsType":"FRAME","frameName":"FRAME897907","isDistinct":true,"overrideImplicit":false,"limit":2000,"offset":0,"relations":"[]","groups":["{\"column\":\"PRIM_KEY_PLACEHOLDER\",\"table\":\"ProductName\",\"alias\":\"\"}"],"selectors":[{"type":"COLUMN","content":{"table":"ProductName","column":"PRIM_KEY_PLACEHOLDER","alias":"ProductName","tableAlias":null}},{"type":"FUNCTION","content":{"alias":"Count_of_OptionName","function":"count","distinct":false,"colCast":"","innerSelectors":[{"type":"COLUMN","content":{"table":"OptionName","column":"PRIM_KEY_PLACEHOLDER","alias":"OptionName","tableAlias":null}}]}},{"type":"FUNCTION","content":{"alias":"Count_of_ProductName","function":"count","distinct":false,"colCast":"","innerSelectors":[{"type":"COLUMN","content":{"table":"ProductName","column":"PRIM_KEY_PLACEHOLDER","alias":"ProductName","tableAlias":null}}]}}]}}},{"type":"basic","task":{"taskType":"basic","id":"task47","numCollected":2000,"internalOffset":0,"taskOptions":"{\"options\":{\"0\":{\"layout\":\"BoxWhisker\",\"alignment\":{\"label\":[\"OptionName\"],\"value\":[\"ProductID\"],\"facet\":[]}}},\"ornament\":false}","qs":{"qsType":"FRAME","frameName":"FRAME897907","isDistinct":true,"overrideImplicit":false,"limit":2000,"offset":0,"relations":"[]","selectors":[{"type":"COLUMN","content":{"table":"OptionName","column":"PRIM_KEY_PLACEHOLDER","alias":"OptionName","tableAlias":null}},{"type":"COLUMN","content":{"table":"ProductID","column":"PRIM_KEY_PLACEHOLDER","alias":"ProductID","tableAlias":null}}]}}},{"type":"basic","task":{"taskType":"basic","id":"task49","numCollected":2000,"internalOffset":0,"taskOptions":"{\"options\":{\"0\":{\"layout\":\"Line\",\"alignment\":{\"tooltip\":[],\"label\":[\"ProductName\"],\"value\":[\"Count_of_OptionName\"],\"facet\":[]}}},\"ornament\":false}","qs":{"qsType":"FRAME","frameName":"FRAME897907","isDistinct":true,"overrideImplicit":false,"limit":2000,"offset":0,"relations":"[]","groups":["{\"column\":\"PRIM_KEY_PLACEHOLDER\",\"table\":\"ProductName\",\"alias\":\"\"}"],"selectors":[{"type":"COLUMN","content":{"table":"ProductName","column":"PRIM_KEY_PLACEHOLDER","alias":"ProductName","tableAlias":null}},{"type":"FUNCTION","content":{"alias":"Count_of_OptionName","function":"count","distinct":false,"colCast":"","innerSelectors":[{"type":"COLUMN","content":{"table":"OptionName","column":"PRIM_KEY_PLACEHOLDER","alias":"OptionName","tableAlias":null}}]}}]}}},{"type":"basic","task":{"taskType":"basic","id":"task51","numCollected":2000,"internalOffset":0,"taskOptions":"{\"options\":{\"0\":{\"layout\":\"Line\",\"alignment\":{\"tooltip\":[],\"label\":[\"ProductName\"],\"value\":[\"Count_of_OptionName\",\"Count_of_OptionName\"],\"facet\":[]}}},\"ornament\":false}","qs":{"qsType":"FRAME","frameName":"FRAME897907","isDistinct":true,"overrideImplicit":false,"limit":2000,"offset":0,"relations":"[]","groups":["{\"column\":\"PRIM_KEY_PLACEHOLDER\",\"table\":\"ProductName\",\"alias\":\"\"}"],"selectors":[{"type":"COLUMN","content":{"table":"ProductName","column":"PRIM_KEY_PLACEHOLDER","alias":"ProductName","tableAlias":null}},{"type":"FUNCTION","content":{"alias":"Count_of_OptionName","function":"count","distinct":false,"colCast":"","innerSelectors":[{"type":"COLUMN","content":{"table":"OptionName","column":"PRIM_KEY_PLACEHOLDER","alias":"OptionName","tableAlias":null}}]}}]}}},{"type":"basic","task":{"taskType":"basic","id":"task53","numCollected":2000,"internalOffset":0,"taskOptions":"{\"options\":{\"0\":{\"layout\":\"Line\",\"alignment\":{\"tooltip\":[],\"label\":[\"ProductName\"],\"value\":[\"Count_of_OptionName\"],\"facet\":[]}}},\"ornament\":false}","qs":{"qsType":"FRAME","frameName":"FRAME897907","isDistinct":true,"overrideImplicit":false,"limit":2000,"offset":0,"relations":"[]","groups":["{\"column\":\"PRIM_KEY_PLACEHOLDER\",\"table\":\"ProductName\",\"alias\":\"\"}"],"selectors":[{"type":"COLUMN","content":{"table":"ProductName","column":"PRIM_KEY_PLACEHOLDER","alias":"ProductName","tableAlias":null}},{"type":"FUNCTION","content":{"alias":"Count_of_OptionName","function":"count","distinct":false,"colCast":"","innerSelectors":[{"type":"COLUMN","content":{"table":"OptionName","column":"PRIM_KEY_PLACEHOLDER","alias":"OptionName","tableAlias":null}}]}}]}}},{"type":"basic","task":{"taskType":"basic","id":"task55","numCollected":2000,"internalOffset":0,"taskOptions":"{\"options\":{\"0\":{\"layout\":\"Pie\",\"alignment\":{\"heat\":[],\"tooltip\":[],\"label\":[\"OptionName\"],\"value\":[\"Average_of_ProductID\"],\"facet\":[]}}},\"ornament\":false}","qs":{"qsType":"FRAME","frameName":"FRAME897907","isDistinct":true,"overrideImplicit":false,"limit":2000,"offset":0,"relations":"[]","groups":["{\"column\":\"PRIM_KEY_PLACEHOLDER\",\"table\":\"OptionName\",\"alias\":\"\"}"],"selectors":[{"type":"COLUMN","content":{"table":"OptionName","column":"PRIM_KEY_PLACEHOLDER","alias":"OptionName","tableAlias":null}},{"type":"FUNCTION","content":{"alias":"Average_of_ProductID","function":"mean","distinct":false,"colCast":"","innerSelectors":[{"type":"COLUMN","content":{"table":"ProductID","column":"PRIM_KEY_PLACEHOLDER","alias":"ProductID","tableAlias":null}}]}}]}}},{"type":"basic","task":{"taskType":"basic","id":"task57","numCollected":2000,"internalOffset":0,"taskOptions":"{\"options\":{\"0\":{\"layout\":\"Pie\",\"alignment\":{\"heat\":[],\"tooltip\":[],\"label\":[\"OptionName\"],\"value\":[\"Average_of_ProductID\"],\"facet\":[]}}},\"ornament\":false}","qs":{"qsType":"FRAME","frameName":"FRAME897907","isDistinct":true,"overrideImplicit":false,"limit":2000,"offset":0,"relations":"[]","groups":["{\"column\":\"PRIM_KEY_PLACEHOLDER\",\"table\":\"OptionName\",\"alias\":\"\"}"],"selectors":[{"type":"COLUMN","content":{"table":"OptionName","column":"PRIM_KEY_PLACEHOLDER","alias":"OptionName","tableAlias":null}},{"type":"FUNCTION","content":{"alias":"Average_of_ProductID","function":"mean","distinct":false,"colCast":"","innerSelectors":[{"type":"COLUMN","content":{"table":"ProductID","column":"PRIM_KEY_PLACEHOLDER","alias":"ProductID","tableAlias":null}}]}}]}}},{"type":"basic","task":{"taskType":"basic","id":"task59","numCollected":2000,"internalOffset":0,"taskOptions":"{\"options\":{\"0\":{\"layout\":\"Scatter\",\"alignment\":{\"series\":[],\"x\":[\"Count_of_OptionName\"],\"tooltip\":[],\"y\":[\"Count_of_ProductName\"],\"z\":[],\"label\":[\"OptionGroupName\"],\"facet\":[]}}},\"ornament\":false}","qs":{"qsType":"FRAME","frameName":"FRAME897907","isDistinct":true,"overrideImplicit":false,"limit":2000,"offset":0,"relations":"[]","groups":["{\"column\":\"PRIM_KEY_PLACEHOLDER\",\"table\":\"OptionGroupName\",\"alias\":\"\"}"],"selectors":[{"type":"COLUMN","content":{"table":"OptionGroupName","column":"PRIM_KEY_PLACEHOLDER","alias":"OptionGroupName","tableAlias":null}},{"type":"FUNCTION","content":{"alias":"Count_of_OptionName","function":"count","distinct":false,"colCast":"","innerSelectors":[{"type":"COLUMN","content":{"table":"OptionName","column":"PRIM_KEY_PLACEHOLDER","alias":"OptionName","tableAlias":null}}]}},{"type":"FUNCTION","content":{"alias":"Count_of_ProductName","function":"count","distinct":false,"colCast":"","innerSelectors":[{"type":"COLUMN","content":{"table":"ProductName","column":"PRIM_KEY_PLACEHOLDER","alias":"ProductName","tableAlias":null}}]}}]}}},{"type":"basic","task":{"taskType":"basic","id":"task61","numCollected":2000,"internalOffset":0,"taskOptions":"{\"options\":{\"0\":{\"layout\":\"Grid\",\"alignment\":{\"label\":[\"OptionGroupID\",\"OptionGroupName\",\"OptionID\",\"OptionName\",\"OptionPriceIncrement\",\"ProductID\",\"ProductName\",\"ProductOptionID\"]}}},\"ornament\":false}","qs":{"qsType":"FRAME","frameName":"FRAME897907","isDistinct":true,"overrideImplicit":false,"limit":2000,"offset":0,"relations":"[]","selectors":[{"type":"COLUMN","content":{"table":"OptionGroupID","column":"PRIM_KEY_PLACEHOLDER","alias":"OptionGroupID","tableAlias":null}},{"type":"COLUMN","content":{"table":"OptionGroupName","column":"PRIM_KEY_PLACEHOLDER","alias":"OptionGroupName","tableAlias":null}},{"type":"COLUMN","content":{"table":"OptionID","column":"PRIM_KEY_PLACEHOLDER","alias":"OptionID","tableAlias":null}},{"type":"COLUMN","content":{"table":"OptionName","column":"PRIM_KEY_PLACEHOLDER","alias":"OptionName","tableAlias":null}},{"type":"COLUMN","content":{"table":"OptionPriceIncrement","column":"PRIM_KEY_PLACEHOLDER","alias":"OptionPriceIncrement","tableAlias":null}},{"type":"COLUMN","content":{"table":"ProductID","column":"PRIM_KEY_PLACEHOLDER","alias":"ProductID","tableAlias":null}},{"type":"COLUMN","content":{"table":"ProductName","column":"PRIM_KEY_PLACEHOLDER","alias":"ProductName","tableAlias":null}},{"type":"COLUMN","content":{"table":"ProductOptionID","column":"PRIM_KEY_PLACEHOLDER","alias":"ProductOptionID","tableAlias":null}}]}}},{"type":"basic","task":{"taskType":"basic","id":"task63","numCollected":2000,"internalOffset":0,"taskOptions":"{\"options\":{\"0\":{\"layout\":\"Scatter\",\"alignment\":{\"series\":[],\"x\":[\"Count_of_OptionName\"],\"tooltip\":[],\"y\":[\"Count_of_ProductName\"],\"z\":[],\"label\":[\"OptionGroupName\"],\"facet\":[]}}},\"ornament\":false}","qs":{"qsType":"FRAME","frameName":"FRAME897907","isDistinct":true,"overrideImplicit":false,"limit":2000,"offset":0,"relations":"[]","groups":["{\"column\":\"PRIM_KEY_PLACEHOLDER\",\"table\":\"OptionGroupName\",\"alias\":\"\"}"],"selectors":[{"type":"COLUMN","content":{"table":"OptionGroupName","column":"PRIM_KEY_PLACEHOLDER","alias":"OptionGroupName","tableAlias":null}},{"type":"FUNCTION","content":{"alias":"Count_of_OptionName","function":"count","distinct":false,"colCast":"","innerSelectors":[{"type":"COLUMN","content":{"table":"OptionName","column":"PRIM_KEY_PLACEHOLDER","alias":"OptionName","tableAlias":null}}]}},{"type":"FUNCTION","content":{"alias":"Count_of_ProductName","function":"count","distinct":false,"colCast":"","innerSelectors":[{"type":"COLUMN","content":{"table":"ProductName","column":"PRIM_KEY_PLACEHOLDER","alias":"ProductName","tableAlias":null}}]}}]}}},{"type":"basic","task":{"taskType":"basic","id":"task65","numCollected":2000,"internalOffset":0,"taskOptions":"{\"options\":{\"0\":{\"layout\":\"Area\",\"alignment\":{\"tooltip\":[\"Count_of_ProductName\"],\"label\":[\"OptionName\"],\"value\":[\"Count_of_ProductName\"],\"facet\":[]}}},\"ornament\":false}","qs":{"qsType":"FRAME","frameName":"FRAME897907","isDistinct":true,"overrideImplicit":false,"limit":2000,"offset":0,"relations":"[]","groups":["{\"column\":\"PRIM_KEY_PLACEHOLDER\",\"table\":\"OptionName\",\"alias\":\"\"}"],"selectors":[{"type":"COLUMN","content":{"table":"OptionName","column":"PRIM_KEY_PLACEHOLDER","alias":"OptionName","tableAlias":null}},{"type":"FUNCTION","content":{"alias":"Count_of_ProductName","function":"count","distinct":false,"colCast":"","innerSelectors":[{"type":"COLUMN","content":{"table":"ProductName","column":"PRIM_KEY_PLACEHOLDER","alias":"ProductName","tableAlias":null}}]}}]}}}],"taskCounter":66},"recipe":["AddPanel ( 0 ) ;","Panel ( 0 ) | AddPanelConfig ( config = [ { \"config\" : { \"type\" : \"STANDARD\" , \"opacity\" : 100 } } ] ) ;","Panel ( 0 ) | AddPanelEvents ( { \"onSingleClick\" : { \"Unfilter\" : [ { \"panel\" : \"\" , \"query\" : \"<encode>(<Frame> | UnfilterFrame(<SelectedColumn>));</encode>\" , \"options\" : { } , \"refresh\" : false , \"default\" : true , \"disabledVisuals\" : [ \"Grid\" , \"Sunburst\" ] , \"disabled\" : false } ] } , \"onBrush\" : { \"Filter\" : [ { \"panel\" : \"\" , \"query\" : \"<encode>if((IsEmpty(<SelectedValues>)),(<Frame> | UnfilterFrame(<SelectedColumn>)), (<Frame> | SetFrameFilter(<SelectedColumn>==<SelectedValues>)));</encode>\" , \"options\" : { } , \"refresh\" : false , \"default\" : true , \"disabled\" : false } ] } } ) ;","Panel ( 0 ) | RetrievePanelEvents ( ) ;","Panel ( 0 ) | SetPanelView ( \"visualization\" , \"<encode>{\"type\":\"echarts\"}</encode>\" ) ;","Panel ( 0 ) | SetPanelView ( \"federate-view\" , \"<encode>{\"app_id\":\"595ebe4d-b6ae-4fbe-83bd-2e67d8f0ecb7\"}</encode>\" ) ;","CreateFrame ( GRID ) .as ( [ 'FRAME897907' ] ) ;","Database ( database = [ \"595ebe4d-b6ae-4fbe-83bd-2e67d8f0ecb7\" ] ) | Select ( products__ProductID ) .as ( [ ProductID ] ) | Import ( frame = [ FRAME897907 ] ) ;","Database ( database = [ \"595ebe4d-b6ae-4fbe-83bd-2e67d8f0ecb7\" ] ) | Select ( productoptions__ProductID , productoptions__OptionGroupID , productoptions__OptionID , productoptions__OptionPriceIncrement , productoptions__ProductOptionID ) .as ( [ ProductID , OptionGroupID , OptionID , OptionPriceIncrement , ProductOptionID ] ) | Merge ( joins = [ ( ProductID , inner.join , productoptions__ProductID ) ] , frame = [ FRAME897907 ] ) ;","Database ( database = [ \"595ebe4d-b6ae-4fbe-83bd-2e67d8f0ecb7\" ] ) | Select ( options__OptionID , options__OptionName ) .as ( [ OptionID , OptionName ] ) | Merge ( joins = [ ( OptionID , inner.join , options__OptionID ) ] , frame = [ FRAME897907 ] ) ;","Database ( database = [ \"595ebe4d-b6ae-4fbe-83bd-2e67d8f0ecb7\" ] ) | Select ( optiongroups__OptionGroupID , optiongroups__OptionGroupName ) .as ( [ OptionGroupID , OptionGroupName ] ) | Merge ( joins = [ ( OptionGroupID , inner.join , optiongroups__OptionGroupID ) ] , frame = [ FRAME897907 ] ) ;","Panel ( 0 ) | SetPanelView ( \"visualization\" ) ;","Frame ( frame = [ FRAME897907 ] ) | QueryAll ( ) | AutoTaskOptions ( panel = [ \"0\" ] , layout = [ \"Grid\" ] ) | Collect ( 2000 ) ;","Panel ( 0 ) | SetPanelView ( \"federate-view\" ) ;","Database ( database = [ \"595ebe4d-b6ae-4fbe-83bd-2e67d8f0ecb7\" ] ) | Select ( products__ProductID , products__ProductName ) .as ( [ ProductID , ProductName ] ) | Merge ( joins = [ ( ProductID , inner.join , products__ProductID ) ] , frame = [ FRAME897907 ] ) ;","Panel ( 0 ) | SetPanelView ( \"visualization\" ) ;","Frame ( frame = [ FRAME897907 ] ) | QueryAll ( ) | AutoTaskOptions ( panel = [ \"0\" ] , layout = [ \"Grid\" ] ) | Collect ( 2000 ) ;","if ( ( FRAME897907 | HasDuplicates ( OptionName ) ) , ( Frame ( frame = [ FRAME897907 ] ) | Select ( OptionName , Count ( ProductName ) ) .as ( [ OptionName , Count_of_ProductName ] ) | Group ( OptionName ) | With ( Panel ( 0 ) ) | Format ( type = [ 'table' ] ) | TaskOptions ( { \"0\" : { \"layout\" : \"Area\" , \"alignment\" : { \"label\" : [ \"OptionName\" ] , \"value\" : [ \"Count_of_ProductName\" ] , \"tooltip\" : [ ] , \"facet\" : [ ] } } } ) | Collect ( 2000 ) ) , ( Frame ( frame = [ FRAME897907 ] ) | Select ( OptionName , Count ( ProductName ) ) .as ( [ OptionName , Count_of_ProductName ] ) | Group ( OptionName ) | With ( Panel ( 0 ) ) | Format ( type = [ 'table' ] ) | TaskOptions ( { \"0\" : { \"layout\" : \"Area\" , \"alignment\" : { \"label\" : [ \"OptionName\" ] , \"value\" : [ \"Count_of_ProductName\" ] , \"tooltip\" : [ ] , \"facet\" : [ ] } } } ) | Collect ( 2000 ) ) ) ;","if ( ( FRAME897907 | HasDuplicates ( OptionGroupName ) ) , ( Frame ( frame = [ FRAME897907 ] ) | Select ( OptionGroupName , Count ( ProductName ) ) .as ( [ OptionGroupName , Count_of_ProductName ] ) | Group ( OptionGroupName ) | With ( Panel ( 0 ) ) | Format ( type = [ 'table' ] ) | TaskOptions ( { \"0\" : { \"layout\" : \"Area\" , \"alignment\" : { \"label\" : [ \"OptionGroupName\" ] , \"value\" : [ \"Count_of_ProductName\" ] , \"tooltip\" : [ ] , \"facet\" : [ ] } } } ) | Collect ( 2000 ) ) , ( Frame ( frame = [ FRAME897907 ] ) | Select ( OptionGroupName , Count ( ProductName ) ) .as ( [ OptionGroupName , Count_of_ProductName ] ) | Group ( OptionGroupName ) | With ( Panel ( 0 ) ) | Format ( type = [ 'table' ] ) | TaskOptions ( { \"0\" : { \"layout\" : \"Area\" , \"alignment\" : { \"label\" : [ \"OptionGroupName\" ] , \"value\" : [ \"Count_of_ProductName\" ] , \"tooltip\" : [ ] , \"facet\" : [ ] } } } ) | Collect ( 2000 ) ) ) ;","if ( ( FRAME897907 | HasDuplicates ( OptionName ) ) , ( Frame ( frame = [ FRAME897907 ] ) | Select ( OptionName , Count ( ProductName ) ) .as ( [ OptionName , Count_of_ProductName ] ) | Group ( OptionName ) | With ( Panel ( 0 ) ) | Format ( type = [ 'table' ] ) | TaskOptions ( { \"0\" : { \"layout\" : \"Area\" , \"alignment\" : { \"label\" : [ \"OptionName\" ] , \"value\" : [ \"Count_of_ProductName\" ] , \"tooltip\" : [ ] , \"facet\" : [ ] } } } ) | Collect ( 2000 ) ) , ( Frame ( frame = [ FRAME897907 ] ) | Select ( OptionName , Count ( ProductName ) ) .as ( [ OptionName , Count_of_ProductName ] ) | Group ( OptionName ) | With ( Panel ( 0 ) ) | Format ( type = [ 'table' ] ) | TaskOptions ( { \"0\" : { \"layout\" : \"Area\" , \"alignment\" : { \"label\" : [ \"OptionName\" ] , \"value\" : [ \"Count_of_ProductName\" ] , \"tooltip\" : [ ] , \"facet\" : [ ] } } } ) | Collect ( 2000 ) ) ) ;","if ( ( FRAME897907 | HasDuplicates ( OptionName ) ) , ( Frame ( frame = [ FRAME897907 ] ) | Select ( OptionName , Count ( ProductName ) , Count ( OptionName ) ) .as ( [ OptionName , Count_of_ProductName , Count_of_OptionName ] ) | Group ( OptionName ) | With ( Panel ( 0 ) ) | Format ( type = [ 'table' ] ) | TaskOptions ( { \"0\" : { \"layout\" : \"Area\" , \"alignment\" : { \"label\" : [ \"OptionName\" ] , \"value\" : [ \"Count_of_ProductName\" , \"Count_of_OptionName\" ] , \"tooltip\" : [ ] , \"facet\" : [ ] } } } ) | Collect ( 2000 ) ) , ( Frame ( frame = [ FRAME897907 ] ) | Select ( OptionName , Count ( ProductName ) , Count ( OptionName ) ) .as ( [ OptionName , Count_of_ProductName , Count_of_OptionName ] ) | Group ( OptionName ) | With ( Panel ( 0 ) ) | Format ( type = [ 'table' ] ) | TaskOptions ( { \"0\" : { \"layout\" : \"Area\" , \"alignment\" : { \"label\" : [ \"OptionName\" ] , \"value\" : [ \"Count_of_ProductName\" , \"Count_of_OptionName\" ] , \"tooltip\" : [ ] , \"facet\" : [ ] } } } ) | Collect ( 2000 ) ) ) ;","if ( ( FRAME897907 | HasDuplicates ( OptionName ) ) , ( Frame ( frame = [ FRAME897907 ] ) | Select ( OptionName , Count ( ProductName ) ) .as ( [ OptionName , Count_of_ProductName ] ) | Group ( OptionName ) | With ( Panel ( 0 ) ) | Format ( type = [ 'table' ] ) | TaskOptions ( { \"0\" : { \"layout\" : \"Area\" , \"alignment\" : { \"label\" : [ \"OptionName\" ] , \"value\" : [ \"Count_of_ProductName\" ] , \"tooltip\" : [ ] , \"facet\" : [ ] } } } ) | Collect ( 2000 ) ) , ( Frame ( frame = [ FRAME897907 ] ) | Select ( OptionName , Count ( ProductName ) ) .as ( [ OptionName , Count_of_ProductName ] ) | Group ( OptionName ) | With ( Panel ( 0 ) ) | Format ( type = [ 'table' ] ) | TaskOptions ( { \"0\" : { \"layout\" : \"Area\" , \"alignment\" : { \"label\" : [ \"OptionName\" ] , \"value\" : [ \"Count_of_ProductName\" ] , \"tooltip\" : [ ] , \"facet\" : [ ] } } } ) | Collect ( 2000 ) ) ) ;","if ( ( FRAME897907 | HasDuplicates ( OptionGroupName ) ) , ( Frame ( frame = [ FRAME897907 ] ) | Select ( OptionGroupName , Count ( ProductName ) ) .as ( [ OptionGroupName , Count_of_ProductName ] ) | Group ( OptionGroupName ) | With ( Panel ( 0 ) ) | Format ( type = [ 'table' ] ) | TaskOptions ( { \"0\" : { \"layout\" : \"Area\" , \"alignment\" : { \"label\" : [ \"OptionGroupName\" ] , \"value\" : [ \"Count_of_ProductName\" ] , \"tooltip\" : [ ] , \"facet\" : [ ] } } } ) | Collect ( 2000 ) ) , ( Frame ( frame = [ FRAME897907 ] ) | Select ( OptionGroupName , Count ( ProductName ) ) .as ( [ OptionGroupName , Count_of_ProductName ] ) | Group ( OptionGroupName ) | With ( Panel ( 0 ) ) | Format ( type = [ 'table' ] ) | TaskOptions ( { \"0\" : { \"layout\" : \"Area\" , \"alignment\" : { \"label\" : [ \"OptionGroupName\" ] , \"value\" : [ \"Count_of_ProductName\" ] , \"tooltip\" : [ ] , \"facet\" : [ ] } } } ) | Collect ( 2000 ) ) ) ;","if ( ( FRAME897907 | HasDuplicates ( OptionGroupName ) ) , ( Frame ( frame = [ FRAME897907 ] ) | Select ( OptionGroupName , Count ( ProductName ) , Count ( OptionName ) ) .as ( [ OptionGroupName , Count_of_ProductName , Count_of_OptionName ] ) | Group ( OptionGroupName ) | With ( Panel ( 0 ) ) | Format ( type = [ 'table' ] ) | TaskOptions ( { \"0\" : { \"layout\" : \"Area\" , \"alignment\" : { \"label\" : [ \"OptionGroupName\" ] , \"value\" : [ \"Count_of_ProductName\" , \"Count_of_OptionName\" ] , \"tooltip\" : [ ] , \"facet\" : [ ] } } } ) | Collect ( 2000 ) ) , ( Frame ( frame = [ FRAME897907 ] ) | Select ( OptionGroupName , Count ( ProductName ) , Count ( OptionName ) ) .as ( [ OptionGroupName , Count_of_ProductName , Count_of_OptionName ] ) | Group ( OptionGroupName ) | With ( Panel ( 0 ) ) | Format ( type = [ 'table' ] ) | TaskOptions ( { \"0\" : { \"layout\" : \"Area\" , \"alignment\" : { \"label\" : [ \"OptionGroupName\" ] , \"value\" : [ \"Count_of_ProductName\" , \"Count_of_OptionName\" ] , \"tooltip\" : [ ] , \"facet\" : [ ] } } } ) | Collect ( 2000 ) ) ) ;","if ( ( FRAME897907 | HasDuplicates ( OptionGroupName ) ) , ( Frame ( frame = [ FRAME897907 ] ) | Select ( OptionGroupName , Count ( OptionName ) ) .as ( [ OptionGroupName , Count_of_OptionName ] ) | Group ( OptionGroupName ) | With ( Panel ( 0 ) ) | Format ( type = [ 'table' ] ) | TaskOptions ( { \"0\" : { \"layout\" : \"Area\" , \"alignment\" : { \"label\" : [ \"OptionGroupName\" ] , \"value\" : [ \"Count_of_OptionName\" ] , \"tooltip\" : [ ] , \"facet\" : [ ] } } } ) | Collect ( 2000 ) ) , ( Frame ( frame = [ FRAME897907 ] ) | Select ( OptionGroupName , Count ( OptionName ) ) .as ( [ OptionGroupName , Count_of_OptionName ] ) | Group ( OptionGroupName ) | With ( Panel ( 0 ) ) | Format ( type = [ 'table' ] ) | TaskOptions ( { \"0\" : { \"layout\" : \"Area\" , \"alignment\" : { \"label\" : [ \"OptionGroupName\" ] , \"value\" : [ \"Count_of_OptionName\" ] , \"tooltip\" : [ ] , \"facet\" : [ ] } } } ) | Collect ( 2000 ) ) ) ;","if ( ( FRAME897907 | HasDuplicates ( OptionGroupName ) ) , ( Frame ( frame = [ FRAME897907 ] ) | Select ( OptionGroupName , Average ( ProductID ) , Count ( OptionName ) ) .as ( [ OptionGroupName , Average_of_ProductID , Count_of_OptionName ] ) | Group ( OptionGroupName ) | With ( Panel ( 0 ) ) | Format ( type = [ 'table' ] ) | TaskOptions ( { \"0\" : { \"layout\" : \"Area\" , \"alignment\" : { \"label\" : [ \"OptionGroupName\" ] , \"value\" : [ \"Average_of_ProductID\" , \"Count_of_OptionName\" ] , \"tooltip\" : [ ] , \"facet\" : [ ] } } } ) | Collect ( 2000 ) ) , ( Frame ( frame = [ FRAME897907 ] ) | Select ( OptionGroupName , ProductID , Count ( OptionName ) ) .as ( [ OptionGroupName , ProductID , Count_of_OptionName ] ) | Group ( OptionGroupName ) | With ( Panel ( 0 ) ) | Format ( type = [ 'table' ] ) | TaskOptions ( { \"0\" : { \"layout\" : \"Area\" , \"alignment\" : { \"label\" : [ \"OptionGroupName\" ] , \"value\" : [ \"ProductID\" , \"Count_of_OptionName\" ] , \"tooltip\" : [ ] , \"facet\" : [ ] } } } ) | Collect ( 2000 ) ) ) ;","if ( ( FRAME897907 | HasDuplicates ( OptionGroupName ) ) , ( Frame ( frame = [ FRAME897907 ] ) | Select ( OptionGroupName , Count ( ProductID ) , Count ( OptionName ) ) .as ( [ OptionGroupName , Count_of_ProductID , Count_of_OptionName ] ) | Group ( OptionGroupName ) | With ( Panel ( 0 ) ) | Format ( type = [ 'table' ] ) | TaskOptions ( { \"0\" : { \"layout\" : \"Area\" , \"alignment\" : { \"label\" : [ \"OptionGroupName\" ] , \"value\" : [ \"Count_of_ProductID\" , \"Count_of_OptionName\" ] , \"tooltip\" : [ ] , \"facet\" : [ ] } } } ) | Collect ( 2000 ) ) , ( Frame ( frame = [ FRAME897907 ] ) | Select ( OptionGroupName , ProductID , Count ( OptionName ) ) .as ( [ OptionGroupName , ProductID , Count_of_OptionName ] ) | Group ( OptionGroupName ) | With ( Panel ( 0 ) ) | Format ( type = [ 'table' ] ) | TaskOptions ( { \"0\" : { \"layout\" : \"Area\" , \"alignment\" : { \"label\" : [ \"OptionGroupName\" ] , \"value\" : [ \"ProductID\" , \"Count_of_OptionName\" ] , \"tooltip\" : [ ] , \"facet\" : [ ] } } } ) | Collect ( 2000 ) ) ) ;","if ( ( FRAME897907 | HasDuplicates ( OptionGroupName ) ) , ( Frame ( frame = [ FRAME897907 ] ) | Select ( OptionGroupName , Count ( ProductID ) , Count ( OptionName ) , Count ( ProductName ) ) .as ( [ OptionGroupName , Count_of_ProductID , Count_of_OptionName , Count_of_ProductName ] ) | Group ( OptionGroupName ) | With ( Panel ( 0 ) ) | Format ( type = [ 'table' ] ) | TaskOptions ( { \"0\" : { \"layout\" : \"Area\" , \"alignment\" : { \"label\" : [ \"OptionGroupName\" ] , \"value\" : [ \"Count_of_ProductID\" , \"Count_of_OptionName\" ] , \"tooltip\" : [ \"Count_of_ProductName\" ] , \"facet\" : [ ] } } } ) | Collect ( 2000 ) ) , ( Frame ( frame = [ FRAME897907 ] ) | Select ( OptionGroupName , ProductID , Count ( OptionName ) , ProductName ) .as ( [ OptionGroupName , ProductID , Count_of_OptionName , ProductName ] ) | Group ( OptionGroupName ) | With ( Panel ( 0 ) ) | Format ( type = [ 'table' ] ) | TaskOptions ( { \"0\" : { \"layout\" : \"Area\" , \"alignment\" : { \"label\" : [ \"OptionGroupName\" ] , \"value\" : [ \"ProductID\" , \"Count_of_OptionName\" ] , \"tooltip\" : [ \"ProductName\" ] , \"facet\" : [ ] } } } ) | Collect ( 2000 ) ) ) ;","if ( ( FRAME897907 | HasDuplicates ( OptionName ) ) , ( Frame ( frame = [ FRAME897907 ] ) | Select ( OptionName , Count ( ProductName ) ) .as ( [ OptionName , Count_of_ProductName ] ) | Group ( OptionName ) | With ( Panel ( 0 ) ) | Format ( type = [ 'table' ] ) | TaskOptions ( { \"0\" : { \"layout\" : \"Area\" , \"alignment\" : { \"label\" : [ \"OptionName\" ] , \"value\" : [ \"Count_of_ProductName\" ] , \"tooltip\" : [ \"Count_of_ProductName\" ] , \"facet\" : [ ] } } } ) | Collect ( 2000 ) ) , ( Frame ( frame = [ FRAME897907 ] ) | Select ( OptionName , Count ( ProductName ) , ProductName ) .as ( [ OptionName , Count_of_ProductName , ProductName ] ) | Group ( OptionName ) | With ( Panel ( 0 ) ) | Format ( type = [ 'table' ] ) | TaskOptions ( { \"0\" : { \"layout\" : \"Area\" , \"alignment\" : { \"label\" : [ \"OptionName\" ] , \"value\" : [ \"Count_of_ProductName\" ] , \"tooltip\" : [ \"ProductName\" ] , \"facet\" : [ ] } } } ) | Collect ( 2000 ) ) ) ;","if ( ( FRAME897907 | HasDuplicates ( OptionName ) ) , ( Frame ( frame = [ FRAME897907 ] ) | Select ( OptionName , Count ( ProductName ) ) .as ( [ OptionName , Count_of_ProductName ] ) | Group ( OptionName ) | With ( Panel ( 0 ) ) | Format ( type = [ 'table' ] ) | TaskOptions ( { \"0\" : { \"layout\" : \"Area\" , \"alignment\" : { \"label\" : [ \"OptionName\" ] , \"value\" : [ \"Count_of_ProductName\" , \"Count_of_ProductName\" ] , \"tooltip\" : [ \"Count_of_ProductName\" ] , \"facet\" : [ ] } } } ) | Collect ( 2000 ) ) , ( Frame ( frame = [ FRAME897907 ] ) | Select ( OptionName , Count ( ProductName ) , ProductName ) .as ( [ OptionName , Count_of_ProductName , ProductName ] ) | Group ( OptionName ) | With ( Panel ( 0 ) ) | Format ( type = [ 'table' ] ) | TaskOptions ( { \"0\" : { \"layout\" : \"Area\" , \"alignment\" : { \"label\" : [ \"OptionName\" ] , \"value\" : [ \"Count_of_ProductName\" , \"Count_of_ProductName\" ] , \"tooltip\" : [ \"ProductName\" ] , \"facet\" : [ ] } } } ) | Collect ( 2000 ) ) ) ;","if ( ( FRAME897907 | HasDuplicates ( OptionName ) ) , ( Frame ( frame = [ FRAME897907 ] ) | Select ( OptionName , Count ( ProductName ) ) .as ( [ OptionName , Count_of_ProductName ] ) | Group ( OptionName ) | With ( Panel ( 0 ) ) | Format ( type = [ 'table' ] ) | TaskOptions ( { \"0\" : { \"layout\" : \"Area\" , \"alignment\" : { \"label\" : [ \"OptionName\" ] , \"value\" : [ \"Count_of_ProductName\" ] , \"tooltip\" : [ \"Count_of_ProductName\" ] , \"facet\" : [ ] } } } ) | Collect ( 2000 ) ) , ( Frame ( frame = [ FRAME897907 ] ) | Select ( OptionName , Count ( ProductName ) , ProductName ) .as ( [ OptionName , Count_of_ProductName , ProductName ] ) | Group ( OptionName ) | With ( Panel ( 0 ) ) | Format ( type = [ 'table' ] ) | TaskOptions ( { \"0\" : { \"layout\" : \"Area\" , \"alignment\" : { \"label\" : [ \"OptionName\" ] , \"value\" : [ \"Count_of_ProductName\" ] , \"tooltip\" : [ \"ProductName\" ] , \"facet\" : [ ] } } } ) | Collect ( 2000 ) ) ) ;","if ( ( FRAME897907 | HasDuplicates ( OptionName ) ) , ( Frame ( frame = [ FRAME897907 ] ) | Select ( OptionName , Count ( ProductName ) ) .as ( [ OptionName , Count_of_ProductName ] ) | Group ( OptionName ) | With ( Panel ( 0 ) ) | Format ( type = [ 'table' ] ) | TaskOptions ( { \"0\" : { \"layout\" : \"Area\" , \"alignment\" : { \"label\" : [ \"OptionName\" ] , \"value\" : [ \"Count_of_ProductName\" ] , \"tooltip\" : [ \"Count_of_ProductName\" ] , \"facet\" : [ ] } } } ) | Collect ( 2000 ) ) , ( Frame ( frame = [ FRAME897907 ] ) | Select ( OptionName , Count ( ProductName ) , ProductName ) .as ( [ OptionName , Count_of_ProductName , ProductName ] ) | Group ( OptionName ) | With ( Panel ( 0 ) ) | Format ( type = [ 'table' ] ) | TaskOptions ( { \"0\" : { \"layout\" : \"Area\" , \"alignment\" : { \"label\" : [ \"OptionName\" ] , \"value\" : [ \"Count_of_ProductName\" ] , \"tooltip\" : [ \"ProductName\" ] , \"facet\" : [ ] } } } ) | Collect ( 2000 ) ) ) ;","if ( ( FRAME897907 | HasDuplicates ( OptionName ) ) , ( Frame ( frame = [ FRAME897907 ] ) | Select ( OptionName , Count ( ProductName ) ) .as ( [ OptionName , Count_of_ProductName ] ) | Group ( OptionName ) | With ( Panel ( 0 ) ) | Format ( type = [ 'table' ] ) | TaskOptions ( { \"0\" : { \"layout\" : \"Column\" , \"alignment\" : { \"label\" : [ \"OptionName\" ] , \"value\" : [ \"Count_of_ProductName\" ] , \"tooltip\" : [ \"Count_of_ProductName\" ] , \"facet\" : [ ] } } } ) | Collect ( 2000 ) ) , ( Frame ( frame = [ FRAME897907 ] ) | Select ( OptionName , Count ( ProductName ) , ProductName ) .as ( [ OptionName , Count_of_ProductName , ProductName ] ) | Group ( OptionName ) | With ( Panel ( 0 ) ) | Format ( type = [ 'table' ] ) | TaskOptions ( { \"0\" : { \"layout\" : \"Column\" , \"alignment\" : { \"label\" : [ \"OptionName\" ] , \"value\" : [ \"Count_of_ProductName\" ] , \"tooltip\" : [ \"ProductName\" ] , \"facet\" : [ ] } } } ) | Collect ( 2000 ) ) ) ;","if ( ( FRAME897907 | HasDuplicates ( OptionName ) ) , ( Frame ( frame = [ FRAME897907 ] ) | Select ( OptionName , Count ( ProductName ) , Count ( OptionName ) ) .as ( [ OptionName , Count_of_ProductName , Count_of_OptionName ] ) | Group ( OptionName ) | With ( Panel ( 0 ) ) | Format ( type = [ 'table' ] ) | TaskOptions ( { \"0\" : { \"layout\" : \"Column\" , \"alignment\" : { \"label\" : [ \"OptionName\" ] , \"value\" : [ \"Count_of_ProductName\" , \"Count_of_OptionName\" ] , \"tooltip\" : [ \"Count_of_ProductName\" ] , \"facet\" : [ ] } } } ) | Collect ( 2000 ) ) , ( Frame ( frame = [ FRAME897907 ] ) | Select ( OptionName , Count ( ProductName ) , Count ( OptionName ) , ProductName ) .as ( [ OptionName , Count_of_ProductName , Count_of_OptionName , ProductName ] ) | Group ( OptionName ) | With ( Panel ( 0 ) ) | Format ( type = [ 'table' ] ) | TaskOptions ( { \"0\" : { \"layout\" : \"Column\" , \"alignment\" : { \"label\" : [ \"OptionName\" ] , \"value\" : [ \"Count_of_ProductName\" , \"Count_of_OptionName\" ] , \"tooltip\" : [ \"ProductName\" ] , \"facet\" : [ ] } } } ) | Collect ( 2000 ) ) ) ;","if ( ( FRAME897907 | HasDuplicates ( OptionName ) ) , ( Frame ( frame = [ FRAME897907 ] ) | Select ( OptionName , Count ( OptionName ) , Count ( ProductName ) ) .as ( [ OptionName , Count_of_OptionName , Count_of_ProductName ] ) | Group ( OptionName ) | With ( Panel ( 0 ) ) | Format ( type = [ 'table' ] ) | TaskOptions ( { \"0\" : { \"layout\" : \"Column\" , \"alignment\" : { \"label\" : [ \"OptionName\" ] , \"value\" : [ \"Count_of_OptionName\" ] , \"tooltip\" : [ \"Count_of_ProductName\" ] , \"facet\" : [ ] } } } ) | Collect ( 2000 ) ) , ( Frame ( frame = [ FRAME897907 ] ) | Select ( OptionName , Count ( OptionName ) , ProductName ) .as ( [ OptionName , Count_of_OptionName , ProductName ] ) | Group ( OptionName ) | With ( Panel ( 0 ) ) | Format ( type = [ 'table' ] ) | TaskOptions ( { \"0\" : { \"layout\" : \"Column\" , \"alignment\" : { \"label\" : [ \"OptionName\" ] , \"value\" : [ \"Count_of_OptionName\" ] , \"tooltip\" : [ \"ProductName\" ] , \"facet\" : [ ] } } } ) | Collect ( 2000 ) ) ) ;","if ( ( FRAME897907 | HasDuplicates ( ProductName ) ) , ( Frame ( frame = [ FRAME897907 ] ) | Select ( ProductName , Count ( OptionName ) , Count ( ProductName ) ) .as ( [ ProductName , Count_of_OptionName , Count_of_ProductName ] ) | Group ( ProductName ) | With ( Panel ( 0 ) ) | Format ( type = [ 'table' ] ) | TaskOptions ( { \"0\" : { \"layout\" : \"Column\" , \"alignment\" : { \"label\" : [ \"ProductName\" ] , \"value\" : [ \"Count_of_OptionName\" ] , \"tooltip\" : [ \"Count_of_ProductName\" ] , \"facet\" : [ ] } } } ) | Collect ( 2000 ) ) , ( Frame ( frame = [ FRAME897907 ] ) | Select ( ProductName , Count ( OptionName ) ) .as ( [ ProductName , Count_of_OptionName ] ) | Group ( ProductName ) | With ( Panel ( 0 ) ) | Format ( type = [ 'table' ] ) | TaskOptions ( { \"0\" : { \"layout\" : \"Column\" , \"alignment\" : { \"label\" : [ \"ProductName\" ] , \"value\" : [ \"Count_of_OptionName\" ] , \"tooltip\" : [ \"ProductName\" ] , \"facet\" : [ ] } } } ) | Collect ( 2000 ) ) ) ;","if ( ( FRAME897907 | HasDuplicates ( ProductName ) ) , ( Frame ( frame = [ FRAME897907 ] ) | Select ( ProductName , Count ( OptionGroupName ) , Count ( OptionName ) , Count ( ProductName ) ) .as ( [ ProductName , Count_of_OptionGroupName , Count_of_OptionName , Count_of_ProductName ] ) | Group ( ProductName ) | With ( Panel ( 0 ) ) | Format ( type = [ 'table' ] ) | TaskOptions ( { \"0\" : { \"layout\" : \"Column\" , \"alignment\" : { \"label\" : [ \"ProductName\" ] , \"value\" : [ \"Count_of_OptionGroupName\" , \"Count_of_OptionName\" ] , \"tooltip\" : [ \"Count_of_ProductName\" ] , \"facet\" : [ ] } } } ) | Collect ( 2000 ) ) , ( Frame ( frame = [ FRAME897907 ] ) | Select ( ProductName , Count ( OptionGroupName ) , Count ( OptionName ) ) .as ( [ ProductName , Count_of_OptionGroupName , Count_of_OptionName ] ) | Group ( ProductName ) | With ( Panel ( 0 ) ) | Format ( type = [ 'table' ] ) | TaskOptions ( { \"0\" : { \"layout\" : \"Column\" , \"alignment\" : { \"label\" : [ \"ProductName\" ] , \"value\" : [ \"Count_of_OptionGroupName\" , \"Count_of_OptionName\" ] , \"tooltip\" : [ \"ProductName\" ] , \"facet\" : [ ] } } } ) | Collect ( 2000 ) ) ) ;","if ( ( FRAME897907 | HasDuplicates ( ProductName ) ) , ( Frame ( frame = [ FRAME897907 ] ) | Select ( ProductName , Count ( OptionName ) , Count ( ProductName ) ) .as ( [ ProductName , Count_of_OptionName , Count_of_ProductName ] ) | Group ( ProductName ) | With ( Panel ( 0 ) ) | Format ( type = [ 'table' ] ) | TaskOptions ( { \"0\" : { \"layout\" : \"Column\" , \"alignment\" : { \"label\" : [ \"ProductName\" ] , \"value\" : [ \"Count_of_OptionName\" ] , \"tooltip\" : [ \"Count_of_ProductName\" ] , \"facet\" : [ ] } } } ) | Collect ( 2000 ) ) , ( Frame ( frame = [ FRAME897907 ] ) | Select ( ProductName , Count ( OptionName ) ) .as ( [ ProductName , Count_of_OptionName ] ) | Group ( ProductName ) | With ( Panel ( 0 ) ) | Format ( type = [ 'table' ] ) | TaskOptions ( { \"0\" : { \"layout\" : \"Column\" , \"alignment\" : { \"label\" : [ \"ProductName\" ] , \"value\" : [ \"Count_of_OptionName\" ] , \"tooltip\" : [ \"ProductName\" ] , \"facet\" : [ ] } } } ) | Collect ( 2000 ) ) ) ;","if ( ( FRAME897907 | HasDuplicates ( OptionName ) ) , ( Frame ( frame = [ FRAME897907 ] ) | Select ( OptionName , ProductID ) .as ( [ OptionName , ProductID ] ) | With ( Panel ( 0 ) ) | Format ( type = [ 'table' ] ) | TaskOptions ( { \"0\" : { \"layout\" : \"BoxWhisker\" , \"alignment\" : { \"label\" : [ \"OptionName\" ] , \"value\" : [ \"ProductID\" ] , \"facet\" : [ ] } } } ) | Collect ( 2000 ) ) , ( Frame ( frame = [ FRAME897907 ] ) | Select ( OptionName , ProductID ) .as ( [ OptionName , ProductID ] ) | With ( Panel ( 0 ) ) | Format ( type = [ 'table' ] ) | TaskOptions ( { \"0\" : { \"layout\" : \"BoxWhisker\" , \"alignment\" : { \"label\" : [ \"OptionName\" ] , \"value\" : [ \"ProductID\" ] , \"facet\" : [ ] } } } ) | Collect ( 2000 ) ) ) ;","if ( ( FRAME897907 | HasDuplicates ( ProductName ) ) , ( Frame ( frame = [ FRAME897907 ] ) | Select ( ProductName , Count ( OptionName ) ) .as ( [ ProductName , Count_of_OptionName ] ) | Group ( ProductName ) | With ( Panel ( 0 ) ) | Format ( type = [ 'table' ] ) | TaskOptions ( { \"0\" : { \"layout\" : \"Line\" , \"alignment\" : { \"label\" : [ \"ProductName\" ] , \"value\" : [ \"Count_of_OptionName\" ] , \"tooltip\" : [ ] , \"facet\" : [ ] } } } ) | Collect ( 2000 ) ) , ( Frame ( frame = [ FRAME897907 ] ) | Select ( ProductName , Count ( OptionName ) ) .as ( [ ProductName , Count_of_OptionName ] ) | Group ( ProductName ) | With ( Panel ( 0 ) ) | Format ( type = [ 'table' ] ) | TaskOptions ( { \"0\" : { \"layout\" : \"Line\" , \"alignment\" : { \"label\" : [ \"ProductName\" ] , \"value\" : [ \"Count_of_OptionName\" ] , \"tooltip\" : [ ] , \"facet\" : [ ] } } } ) | Collect ( 2000 ) ) ) ;","if ( ( FRAME897907 | HasDuplicates ( ProductName ) ) , ( Frame ( frame = [ FRAME897907 ] ) | Select ( ProductName , Count ( OptionName ) ) .as ( [ ProductName , Count_of_OptionName ] ) | Group ( ProductName ) | With ( Panel ( 0 ) ) | Format ( type = [ 'table' ] ) | TaskOptions ( { \"0\" : { \"layout\" : \"Line\" , \"alignment\" : { \"label\" : [ \"ProductName\" ] , \"value\" : [ \"Count_of_OptionName\" , \"Count_of_OptionName\" ] , \"tooltip\" : [ ] , \"facet\" : [ ] } } } ) | Collect ( 2000 ) ) , ( Frame ( frame = [ FRAME897907 ] ) | Select ( ProductName , Count ( OptionName ) ) .as ( [ ProductName , Count_of_OptionName ] ) | Group ( ProductName ) | With ( Panel ( 0 ) ) | Format ( type = [ 'table' ] ) | TaskOptions ( { \"0\" : { \"layout\" : \"Line\" , \"alignment\" : { \"label\" : [ \"ProductName\" ] , \"value\" : [ \"Count_of_OptionName\" , \"Count_of_OptionName\" ] , \"tooltip\" : [ ] , \"facet\" : [ ] } } } ) | Collect ( 2000 ) ) ) ;","if ( ( FRAME897907 | HasDuplicates ( ProductName ) ) , ( Frame ( frame = [ FRAME897907 ] ) | Select ( ProductName , Count ( OptionName ) ) .as ( [ ProductName , Count_of_OptionName ] ) | Group ( ProductName ) | With ( Panel ( 0 ) ) | Format ( type = [ 'table' ] ) | TaskOptions ( { \"0\" : { \"layout\" : \"Line\" , \"alignment\" : { \"label\" : [ \"ProductName\" ] , \"value\" : [ \"Count_of_OptionName\" ] , \"tooltip\" : [ ] , \"facet\" : [ ] } } } ) | Collect ( 2000 ) ) , ( Frame ( frame = [ FRAME897907 ] ) | Select ( ProductName , Count ( OptionName ) ) .as ( [ ProductName , Count_of_OptionName ] ) | Group ( ProductName ) | With ( Panel ( 0 ) ) | Format ( type = [ 'table' ] ) | TaskOptions ( { \"0\" : { \"layout\" : \"Line\" , \"alignment\" : { \"label\" : [ \"ProductName\" ] , \"value\" : [ \"Count_of_OptionName\" ] , \"tooltip\" : [ ] , \"facet\" : [ ] } } } ) | Collect ( 2000 ) ) ) ;","if ( ( FRAME897907 | HasDuplicates ( OptionName ) ) , ( Frame ( frame = [ FRAME897907 ] ) | Select ( OptionName , Average ( ProductID ) ) .as ( [ OptionName , Average_of_ProductID ] ) | Group ( OptionName ) | With ( Panel ( 0 ) ) | Format ( type = [ 'table' ] ) | TaskOptions ( { \"0\" : { \"layout\" : \"Pie\" , \"alignment\" : { \"label\" : [ \"OptionName\" ] , \"value\" : [ \"Average_of_ProductID\" ] , \"heat\" : [ ] , \"tooltip\" : [ ] , \"facet\" : [ ] } } } ) | Collect ( 2000 ) ) , ( Frame ( frame = [ FRAME897907 ] ) | Select ( OptionName , ProductID ) .as ( [ OptionName , ProductID ] ) | With ( Panel ( 0 ) ) | Format ( type = [ 'table' ] ) | TaskOptions ( { \"0\" : { \"layout\" : \"Pie\" , \"alignment\" : { \"label\" : [ \"OptionName\" ] , \"value\" : [ \"ProductID\" ] , \"heat\" : [ ] , \"tooltip\" : [ ] , \"facet\" : [ ] } } } ) | Collect ( 2000 ) ) ) ;","Panel ( 0 ) | SetPanelView ( \"federate-view\" ) ;","Panel ( 0 ) | SetPanelView ( \"visualization\" ) ;","if ( ( FRAME897907 | HasDuplicates ( OptionName ) ) , ( Frame ( frame = [ FRAME897907 ] ) | Select ( OptionName , Average ( ProductID ) ) .as ( [ OptionName , Average_of_ProductID ] ) | Group ( OptionName ) | With ( Panel ( 0 ) ) | Format ( type = [ 'table' ] ) | TaskOptions ( { \"0\" : { \"layout\" : \"Pie\" , \"alignment\" : { \"label\" : [ \"OptionName\" ] , \"value\" : [ \"Average_of_ProductID\" ] , \"heat\" : [ ] , \"tooltip\" : [ ] , \"facet\" : [ ] } } } ) | Collect ( 2000 ) ) , ( Frame ( frame = [ FRAME897907 ] ) | Select ( OptionName , ProductID ) .as ( [ OptionName , ProductID ] ) | With ( Panel ( 0 ) ) | Format ( type = [ 'table' ] ) | TaskOptions ( { \"0\" : { \"layout\" : \"Pie\" , \"alignment\" : { \"label\" : [ \"OptionName\" ] , \"value\" : [ \"ProductID\" ] , \"heat\" : [ ] , \"tooltip\" : [ ] , \"facet\" : [ ] } } } ) | Collect ( 2000 ) ) ) ;","if ( ( FRAME897907 | HasDuplicates ( OptionGroupName ) ) , ( Frame ( frame = [ FRAME897907 ] ) | Select ( OptionGroupName , Count ( OptionName ) , Count ( ProductName ) ) .as ( [ OptionGroupName , Count_of_OptionName , Count_of_ProductName ] ) | Group ( OptionGroupName ) | With ( Panel ( 0 ) ) | Format ( type = [ 'table' ] ) | TaskOptions ( { \"0\" : { \"layout\" : \"Scatter\" , \"alignment\" : { \"label\" : [ \"OptionGroupName\" ] , \"x\" : [ \"Count_of_OptionName\" ] , \"y\" : [ \"Count_of_ProductName\" ] , \"z\" : [ ] , \"series\" : [ ] , \"tooltip\" : [ ] , \"facet\" : [ ] } } } ) | Collect ( 2000 ) ) , ( Frame ( frame = [ FRAME897907 ] ) | Select ( OptionGroupName , Count ( OptionName ) , Count ( ProductName ) ) .as ( [ OptionGroupName , Count_of_OptionName , Count_of_ProductName ] ) | Group ( OptionGroupName ) | With ( Panel ( 0 ) ) | Format ( type = [ 'table' ] ) | TaskOptions ( { \"0\" : { \"layout\" : \"Scatter\" , \"alignment\" : { \"label\" : [ \"OptionGroupName\" ] , \"x\" : [ \"Count_of_OptionName\" ] , \"y\" : [ \"Count_of_ProductName\" ] , \"z\" : [ ] , \"series\" : [ ] , \"tooltip\" : [ ] , \"facet\" : [ ] } } } ) | Collect ( 2000 ) ) ) ;","( FRAME897907 | UnfilterFrame ( OptionGroupName ) ) ;","Panel ( 0 ) | SetPanelView ( \"visualization\" , \"<encode>{\"type\":\"standard\"}</encode>\" ) ;","Frame ( frame = [ FRAME897907 ] ) | Select ( OptionGroupID , OptionGroupName , OptionID , OptionName , OptionPriceIncrement , ProductID , ProductName , ProductOptionID ) .as ( [ OptionGroupID , OptionGroupName , OptionID , OptionName , OptionPriceIncrement , ProductID , ProductName , ProductOptionID ] ) | With ( Panel ( 0 ) ) | Format ( type = [ 'table' ] ) | TaskOptions ( { \"0\" : { \"layout\" : \"Grid\" , \"alignment\" : { \"label\" : [ \"OptionGroupID\" , \"OptionGroupName\" , \"OptionID\" , \"OptionName\" , \"OptionPriceIncrement\" , \"ProductID\" , \"ProductName\" , \"ProductOptionID\" ] } } } ) | Collect ( 2000 ) ;","Panel ( 0 ) | SetPanelView ( \"infographic\" ) ;","Panel ( 0 ) | SetPanelView ( \"text-widget\" ) ;","Panel ( 0 ) | SetPanelView ( \"infographic\" ) ;","Panel ( 0 ) | SetPanelView ( \"visualization\" ) ;","Panel ( 0 ) | AddPanelConfig ( config = [ { \"config\" : { \"subType\" : \"\" } } ] ) ;","Panel ( 0 ) | SetPanelView ( \"visualization\" , \"<encode>{\"type\":\"echarts\"}</encode>\" ) ;","if ( ( FRAME897907 | HasDuplicates ( OptionGroupName ) ) , ( Frame ( frame = [ FRAME897907 ] ) | Select ( OptionGroupName , Count ( OptionName ) , Count ( ProductName ) ) .as ( [ OptionGroupName , Count_of_OptionName , Count_of_ProductName ] ) | Group ( OptionGroupName ) | With ( Panel ( 0 ) ) | Format ( type = [ 'table' ] ) | TaskOptions ( { \"0\" : { \"layout\" : \"Scatter\" , \"alignment\" : { \"label\" : [ \"OptionGroupName\" ] , \"x\" : [ \"Count_of_OptionName\" ] , \"y\" : [ \"Count_of_ProductName\" ] , \"z\" : [ ] , \"series\" : [ ] , \"tooltip\" : [ ] , \"facet\" : [ ] } } } ) | Collect ( 2000 ) ) , ( Frame ( frame = [ FRAME897907 ] ) | Select ( OptionGroupName , Count ( OptionName ) , Count ( ProductName ) ) .as ( [ OptionGroupName , Count_of_OptionName , Count_of_ProductName ] ) | Group ( OptionGroupName ) | With ( Panel ( 0 ) ) | Format ( type = [ 'table' ] ) | TaskOptions ( { \"0\" : { \"layout\" : \"Scatter\" , \"alignment\" : { \"label\" : [ \"OptionGroupName\" ] , \"x\" : [ \"Count_of_OptionName\" ] , \"y\" : [ \"Count_of_ProductName\" ] , \"z\" : [ ] , \"series\" : [ ] , \"tooltip\" : [ ] , \"facet\" : [ ] } } } ) | Collect ( 2000 ) ) ) ;","if ( ( FRAME897907 | HasDuplicates ( OptionName ) ) , ( Frame ( frame = [ FRAME897907 ] ) | Select ( OptionName , Count ( ProductName ) ) .as ( [ OptionName , Count_of_ProductName ] ) | Group ( OptionName ) | With ( Panel ( 0 ) ) | Format ( type = [ 'table' ] ) | TaskOptions ( { \"0\" : { \"layout\" : \"Area\" , \"alignment\" : { \"label\" : [ \"OptionName\" ] , \"value\" : [ \"Count_of_ProductName\" ] , \"tooltip\" : [ \"Count_of_ProductName\" ] , \"facet\" : [ ] } } } ) | Collect ( 2000 ) ) , ( Frame ( frame = [ FRAME897907 ] ) | Select ( OptionName , Count ( ProductName ) , ProductName ) .as ( [ OptionName , Count_of_ProductName , ProductName ] ) | Group ( OptionName ) | With ( Panel ( 0 ) ) | Format ( type = [ 'table' ] ) | TaskOptions ( { \"0\" : { \"layout\" : \"Area\" , \"alignment\" : { \"label\" : [ \"OptionName\" ] , \"value\" : [ \"Count_of_ProductName\" ] , \"tooltip\" : [ \"ProductName\" ] , \"facet\" : [ ] } } } ) | Collect ( 2000 ) ) ) ;"]}