{"insightID":"05cab528-4b3e-4cc6-8912-2b472687b8e3","pixelReturn":[{"pixelExpression":"CachedPanel ( \"0\" ) ;","isMeta":false,"output":{"panelId":"0","view":"visualization","viewOptions":"{\"type\":\"echarts\"}","viewOptionsMap":{"federate-view":{"app_id":"595ebe4d-b6ae-4fbe-83bd-2e67d8f0ecb7"},"visualization":{"type":"echarts"}},"config":{"subType":"","type":"STANDARD","opacity":100.0,"labelOverride":false},"ornaments":{},"events":{"onSingleClick":{"Unfilter":[{"disabledVisuals":["Grid","Sunburst"],"default":true,"query":"(<Frame> | UnfilterFrame(<SelectedColumn>));","options":{},"refresh":false,"disabled":false,"panel":""}]},"onBrush":{"Filter":[{"default":true,"query":"if((IsEmpty(<SelectedValues>)),(<Frame> | UnfilterFrame(<SelectedColumn>)), (<Frame> | SetFrameFilter(<SelectedColumn>==<SelectedValues>)));","options":{},"refresh":false,"disabled":false,"panel":""}]}},"comments":{},"position":{},"filters":[],"order":[],"cbv":[]},"operationType":["CACHED_PANEL"]},{"pixelExpression":"if ( ( FRAME897907 | HasDuplicates ( OptionName ) ) , ( Frame ( frame = [ FRAME897907 ] ) | Select ( OptionName , Count ( ProductName ) ) .as ( [ OptionName , Count_of_ProductName ] ) | Group ( OptionName ) | With ( Panel ( 0 ) ) | Format ( type = [ 'table' ] ) | TaskOptions ( { \"0\" : { \"layout\" : \"Area\" , \"alignment\" : { \"label\" : [ \"OptionName\" ] , \"value\" : [ \"Count_of_ProductName\" ] , \"tooltip\" : [ \"Count_of_ProductName\" ] , \"facet\" : [ ] } } } ) | Collect ( 2000 ) ) , ( Frame ( frame = [ FRAME897907 ] ) | Select ( OptionName , Count ( ProductName ) , ProductName ) .as ( [ OptionName , Count_of_ProductName , ProductName ] ) | Group ( OptionName ) | With ( Panel ( 0 ) ) | Format ( type = [ 'table' ] ) | TaskOptions ( { \"0\" : { \"layout\" : \"Area\" , \"alignment\" : { \"label\" : [ \"OptionName\" ] , \"value\" : [ \"Count_of_ProductName\" ] , \"tooltip\" : [ \"ProductName\" ] , \"facet\" : [ ] } } } ) | Collect ( 2000 ) ) ) ;","isMeta":false,"output":{"data":{"values":[["Cotton",2.0],["L",4.0],["Leather",1.0],["M",5.0],["Polyster",1.0],["S",4.0],["XL",3.0],["XXL",1.0],["blue",5.0],["green",3.0],["red",5.0]],"headers":["OptionName","Count_of_ProductName"],"rawHeaders":["OPTIONNAME","Count_of_ProductName"]},"headerInfo":[{"alias":"OptionName","header":"OptionName","type":"STRING","derived":false},{"alias":"Count_of_ProductName","header":"Count_of_ProductName","calculatedBy":"ProductName","groupBy":["OptionName"],"math":"Count","type":"NUMBER","derived":true}],"sortInfo":[],"numRows":11,"sources":[{"name":"FRAME897907","type":"FRAME"}],"numCollected":2000,"taskOptions":{"0":{"layout":"Area","alignment":{"tooltip":["Count_of_ProductName"],"label":["OptionName"],"value":["Count_of_ProductName"],"facet":[]}}},"format":{"type":"TABLE"},"filterInfo":[],"taskId":"task1"},"operationType":["TASK_DATA"]}]}