{"engineId":"595ebe4d-b6ae-4fbe-83bd-2e67d8f0ecb7","engineName":"Ecommerce","rdbmsId":"cb50e57c-f069-4d82-aeb4-48bea48556e1","varstore":{},"frames":[{"file":"@BaseFolder@/db/@ENGINE@/version/cb50e57c-f069-4d82-aeb4-48bea48556e1/FRAME696746.gz","meta":"@BaseFolder@/db/@ENGINE@/version/cb50e57c-f069-4d82-aeb4-48bea48556e1/METADATA__FRAME696746.owl","state":null,"type":"prerna.ds.rdbms.h2.H2Frame","name":"FRAME696746","keys":["$CUR_FRAME_KEY","FRAME696746"]}],"panels":[{"panelId":"0","panelLabel":null,"view":"visualization","viewOptions":"{\"type\":\"echarts\"}","viewOptionsMap":{"federate-view":{"app_id":"595ebe4d-b6ae-4fbe-83bd-2e67d8f0ecb7"},"visualization":{"type":"echarts"}},"config":{"type":"STANDARD","opacity":100,"labelOverride":false},"ornaments":{"tools":{"shared":{"animationPie":"Elastic","highlight":{"data":{"OptionGroupName":["size"]}}}}},"events":{"onSingleClick":{"Click Event":[{"disabledVisuals":["Grid","Sunburst"],"query":"META | OpenInsight(app=[\"595ebe4d-b6ae-4fbe-83bd-2e67d8f0ecb7\"], id=[\"e65e1765-f88a-4398-8b3c-a27bd4dc637d\"]);","options":{},"refresh":false,"panel":"0"}],"Unfilter":[{"disabledVisuals":["Grid","Sunburst"],"default":true,"query":"(<Frame> | UnfilterFrame(<SelectedColumn>));","options":{},"refresh":false,"disabled":false,"panel":""}]},"onBrush":{"Filter":[{"default":true,"query":"if((IsEmpty(<SelectedValues>)),(<Frame> | UnfilterFrame(<SelectedColumn>)), (<Frame> | SetFrameFilter(<SelectedColumn>==<SelectedValues>)));","options":{},"refresh":false,"disabled":false,"panel":""}]},"onDoubleClick":{}},"comments":{},"position":{},"filters":[],"order":[],"cbv":[]}],"tasks":{"tasks":[{"type":"basic","task":{"taskType":"basic","id":"task1","numCollected":2000,"internalOffset":0,"taskOptions":"{\"options\":{\"0\":{\"layout\":\"Grid\",\"alignment\":{\"label\":[\"OptionGroupID\",\"OptionGroupName\",\"OptionName\"]}}},\"ornament\":false}","qs":{"qsType":"FRAME","frameName":"FRAME696746","isDistinct":true,"overrideImplicit":false,"limit":2000,"offset":0,"relations":"[]","selectors":[{"type":"COLUMN","content":{"table":"FRAME696746","column":"OptionGroupID","alias":"OptionGroupID","tableAlias":null}},{"type":"COLUMN","content":{"table":"FRAME696746","column":"OptionGroupName","alias":"OptionGroupName","tableAlias":null}},{"type":"COLUMN","content":{"table":"FRAME696746","column":"OptionName","alias":"OptionName","tableAlias":null}}]}}},{"type":"basic","task":{"taskType":"basic","id":"task3","numCollected":2000,"internalOffset":0,"taskOptions":"{\"options\":{\"0\":{\"layout\":\"Grid\",\"alignment\":{\"label\":[\"OptionGroupID\",\"OptionGroupName\",\"OptionName\"]}}},\"ornament\":false}","qs":{"qsType":"FRAME","frameName":"FRAME696746","isDistinct":true,"overrideImplicit":false,"limit":2000,"offset":0,"relations":"[]","selectors":[{"type":"COLUMN","content":{"table":"OptionGroupID","column":"PRIM_KEY_PLACEHOLDER","alias":"OptionGroupID","tableAlias":null}},{"type":"COLUMN","content":{"table":"OptionGroupName","column":"PRIM_KEY_PLACEHOLDER","alias":"OptionGroupName","tableAlias":null}},{"type":"COLUMN","content":{"table":"OptionName","column":"PRIM_KEY_PLACEHOLDER","alias":"OptionName","tableAlias":null}}]}}},{"type":"basic","task":{"taskType":"basic","id":"task5","numCollected":2000,"internalOffset":0,"taskOptions":"{\"options\":{\"0\":{\"layout\":\"Grid\",\"alignment\":{\"label\":[\"OptionGroupID\",\"OptionGroupName\",\"OptionName\"]}}},\"ornament\":false}","qs":{"qsType":"FRAME","frameName":"FRAME696746","isDistinct":true,"overrideImplicit":false,"limit":2000,"offset":0,"relations":"[]","selectors":[{"type":"COLUMN","content":{"table":"OptionGroupID","column":"PRIM_KEY_PLACEHOLDER","alias":"OptionGroupID","tableAlias":null}},{"type":"COLUMN","content":{"table":"OptionGroupName","column":"PRIM_KEY_PLACEHOLDER","alias":"OptionGroupName","tableAlias":null}},{"type":"COLUMN","content":{"table":"OptionName","column":"PRIM_KEY_PLACEHOLDER","alias":"OptionName","tableAlias":null}}]}}},{"type":"basic","task":{"taskType":"basic","id":"task7","numCollected":2000,"internalOffset":0,"taskOptions":"{\"options\":{\"0\":{\"layout\":\"Pie\",\"alignment\":{\"heat\":[],\"tooltip\":[],\"label\":[\"OptionGroupName\"],\"value\":[\"Count_of_OptionName\"],\"facet\":[]}}},\"ornament\":false}","qs":{"qsType":"FRAME","frameName":"FRAME696746","isDistinct":true,"overrideImplicit":false,"limit":2000,"offset":0,"relations":"[]","groups":["{\"column\":\"PRIM_KEY_PLACEHOLDER\",\"table\":\"OptionGroupName\",\"alias\":\"\"}"],"selectors":[{"type":"COLUMN","content":{"table":"OptionGroupName","column":"PRIM_KEY_PLACEHOLDER","alias":"OptionGroupName","tableAlias":null}},{"type":"FUNCTION","content":{"alias":"Count_of_OptionName","function":"count","distinct":false,"colCast":"","innerSelectors":[{"type":"COLUMN","content":{"table":"OptionName","column":"PRIM_KEY_PLACEHOLDER","alias":"OptionName","tableAlias":null}}]}}]}}},{"type":"basic","task":{"taskType":"basic","id":"task9","numCollected":2000,"internalOffset":0,"taskOptions":"{\"options\":{\"0\":{\"layout\":\"Pie\",\"alignment\":{\"heat\":[],\"tooltip\":[],\"label\":[\"OptionGroupName\"],\"value\":[\"Count_of_OptionName\"],\"facet\":[]}}},\"ornament\":false}","qs":{"qsType":"FRAME","frameName":"FRAME696746","isDistinct":true,"overrideImplicit":false,"limit":2000,"offset":0,"relations":"[]","groups":["{\"column\":\"PRIM_KEY_PLACEHOLDER\",\"table\":\"OptionGroupName\",\"alias\":\"\"}"],"selectors":[{"type":"COLUMN","content":{"table":"OptionGroupName","column":"PRIM_KEY_PLACEHOLDER","alias":"OptionGroupName","tableAlias":null}},{"type":"FUNCTION","content":{"alias":"Count_of_OptionName","function":"count","distinct":false,"colCast":"","innerSelectors":[{"type":"COLUMN","content":{"table":"OptionName","column":"PRIM_KEY_PLACEHOLDER","alias":"OptionName","tableAlias":null}}]}}]}}}],"taskCounter":10},"recipe":["AddPanel ( 0 ) ;","Panel ( 0 ) | AddPanelConfig ( config = [ { \"config\" : { \"type\" : \"STANDARD\" , \"opacity\" : 100 } } ] ) ;","Panel ( 0 ) | AddPanelEvents ( { \"onSingleClick\" : { \"Unfilter\" : [ { \"panel\" : \"\" , \"query\" : \"<encode>(<Frame> | UnfilterFrame(<SelectedColumn>));</encode>\" , \"options\" : { } , \"refresh\" : false , \"default\" : true , \"disabledVisuals\" : [ \"Grid\" , \"Sunburst\" ] , \"disabled\" : false } ] } , \"onBrush\" : { \"Filter\" : [ { \"panel\" : \"\" , \"query\" : \"<encode>if((IsEmpty(<SelectedValues>)),(<Frame> | UnfilterFrame(<SelectedColumn>)), (<Frame> | SetFrameFilter(<SelectedColumn>==<SelectedValues>)));</encode>\" , \"options\" : { } , \"refresh\" : false , \"default\" : true , \"disabled\" : false } ] } } ) ;","Panel ( 0 ) | RetrievePanelEvents ( ) ;","Panel ( 0 ) | SetPanelView ( \"visualization\" , \"<encode>{\"type\":\"echarts\"}</encode>\" ) ;","Panel ( 0 ) | SetPanelView ( \"federate-view\" , \"<encode>{\"app_id\":\"595ebe4d-b6ae-4fbe-83bd-2e67d8f0ecb7\"}</encode>\" ) ;","CreateFrame ( GRID ) .as ( [ 'FRAME696746' ] ) ;","Database ( database = [ \"595ebe4d-b6ae-4fbe-83bd-2e67d8f0ecb7\" ] ) | Select ( optiongroups__OptionGroupID ) .as ( [ OptionGroupID ] ) | Import ( frame = [ FRAME696746 ] ) ;","Database ( database = [ \"595ebe4d-b6ae-4fbe-83bd-2e67d8f0ecb7\" ] ) | Select ( optiongroups__OptionGroupID , optiongroups__OptionGroupName ) .as ( [ OptionGroupID , OptionGroupName ] ) | Merge ( joins = [ ( OptionGroupID , inner.join , optiongroups__OptionGroupID ) ] , frame = [ FRAME696746 ] ) ;","Database ( database = [ \"595ebe4d-b6ae-4fbe-83bd-2e67d8f0ecb7\" ] ) | Select ( options__OptionGroupID , options__OptionName ) .as ( [ OptionGroupID , OptionName ] ) | Merge ( joins = [ ( OptionGroupID , inner.join , options__OptionGroupID ) ] , frame = [ FRAME696746 ] ) ;","Panel ( 0 ) | SetPanelView ( \"visualization\" ) ;","Frame ( frame = [ FRAME696746 ] ) | QueryAll ( ) | AutoTaskOptions ( panel = [ \"0\" ] , layout = [ \"Grid\" ] ) | Collect ( 2000 ) ;","Panel ( 0 ) | SetPanelView ( \"visualization\" , \"<encode>{\"type\":\"standard\"}</encode>\" ) ;","Frame ( frame = [ FRAME696746 ] ) | Select ( OptionGroupID , OptionGroupName , OptionName ) .as ( [ OptionGroupID , OptionGroupName , OptionName ] ) | With ( Panel ( 0 ) ) | Format ( type = [ 'table' ] ) | TaskOptions ( { \"0\" : { \"layout\" : \"Grid\" , \"alignment\" : { \"label\" : [ \"OptionGroupID\" , \"OptionGroupName\" , \"OptionName\" ] } } } ) | Collect ( 2000 ) ;","Panel ( 0 ) | SetPanelView ( \"federate-view\" ) ;","Panel ( 0 ) | SetPanelView ( \"visualization\" ) ;","Frame ( frame = [ FRAME696746 ] ) | Select ( OptionGroupID , OptionGroupName , OptionName ) .as ( [ OptionGroupID , OptionGroupName , OptionName ] ) | With ( Panel ( 0 ) ) | Format ( type = [ 'table' ] ) | TaskOptions ( { \"0\" : { \"layout\" : \"Grid\" , \"alignment\" : { \"label\" : [ \"OptionGroupID\" , \"OptionGroupName\" , \"OptionName\" ] } } } ) | Collect ( 2000 ) ;","Panel ( 0 ) | SetPanelView ( \"visualization\" , \"<encode>{\"type\":\"echarts\"}</encode>\" ) ;","if ( ( FRAME696746 | HasDuplicates ( OptionGroupName ) ) , ( Frame ( frame = [ FRAME696746 ] ) | Select ( OptionGroupName , Count ( OptionName ) ) .as ( [ OptionGroupName , Count_of_OptionName ] ) | Group ( OptionGroupName ) | With ( Panel ( 0 ) ) | Format ( type = [ 'table' ] ) | TaskOptions ( { \"0\" : { \"layout\" : \"Pie\" , \"alignment\" : { \"label\" : [ \"OptionGroupName\" ] , \"value\" : [ \"Count_of_OptionName\" ] , \"heat\" : [ ] , \"tooltip\" : [ ] , \"facet\" : [ ] } } } ) | Collect ( 2000 ) ) , ( Frame ( frame = [ FRAME696746 ] ) | Select ( OptionGroupName , Count ( OptionName ) ) .as ( [ OptionGroupName , Count_of_OptionName ] ) | Group ( OptionGroupName ) | With ( Panel ( 0 ) ) | Format ( type = [ 'table' ] ) | TaskOptions ( { \"0\" : { \"layout\" : \"Pie\" , \"alignment\" : { \"label\" : [ \"OptionGroupName\" ] , \"value\" : [ \"Count_of_OptionName\" ] , \"heat\" : [ ] , \"tooltip\" : [ ] , \"facet\" : [ ] } } } ) | Collect ( 2000 ) ) ) ;","( FRAME696746 | UnfilterFrame ( OptionGroupName ) ) ;","( FRAME696746 | UnfilterFrame ( OptionGroupName ) ) ;","( FRAME696746 | UnfilterFrame ( OptionGroupName ) ) ;","Panel ( 0 ) | AddPanelOrnaments ( { \"tools\" : { \"shared\" : { \"animationPie\" : \"Linear\" } } } ) ;","Panel ( 0 ) | RetrievePanelOrnaments ( \"tools.shared.animationPie\" ) ;","Panel ( 0 ) | AddPanelOrnaments ( { \"tools\" : { \"shared\" : { \"animationPie\" : \"Exponential\" } } } ) ;","Panel ( 0 ) | RetrievePanelOrnaments ( \"tools.shared.animationPie\" ) ;","Panel ( 0 ) | AddPanelOrnaments ( { \"tools\" : { \"shared\" : { \"animationPie\" : \"Elastic\" } } } ) ;","Panel ( 0 ) | RetrievePanelOrnaments ( \"tools.shared.animationPie\" ) ;","Panel ( 0 ) | AddPanelEvents ( { \"onSingleClick\" : { \"MY (Close Popup)\" : [ { \"query\" : \"<encode>Panel(<Panel>)|RemovePanelComment(\"1\")|RetrievePanelComment();</encode>\" , \"panel\" : \"\" , \"options\" : { \"keys\" : [ ] } , \"refresh\" : false , \"openType\" : { } } ] } } ) ;","Panel ( 0 ) | RetrievePanelEvents ( ) ;","Panel ( 0 ) | AddPanelEvents ( { \"onSingleClick\" : { \"MY\" : [ { \"panel\" : \"\" , \"query\" : \"<encode>Panel(0)|AddPanelComment({\"binding\":{\"showAsMarker\":\"false\",\"height\":<Height>,\"width\":<Width>,\"x\":<MouseX>,\"y\":<MouseY>,\"clientWidth\":1874,\"clientHeight\":816},\"id\":\"1\",\"alwaysDisplay\": true,\"type\":\"svgMain\",\"commentText\":\"<iframe style='border: none' src=<URL>></iframe>\"});Panel(0)|RetrievePanelComment();</encode>\" , \"options\" : { \"url\" : { \"link\" : \"http://localhost:5355/SemossWeb/#!/insight?type=single&engine=595ebe4d-b6ae-4fbe-83bd-2e67d8f0ecb7&id=ef0e86e6-8909-4f4d-a02f-1279a11c6623&panel=0\" , \"width\" : 300 , \"height\" : 300 } } , \"refresh\" : false , \"disabledVisuals\" : [ \"Area\" , \"Bar\" , \"Bar Line\" , \"Box\" , \"Bubble\" , \"Bullet\" , \"Chiclet\" , \"Choropleth\" , \"Cloud\" , \"Cluster\" , \"Column\" , \"Custom Legend\" , \"DashboardParam\" , \"Dendrogram\" , \"Funnel\" , \"Gantt\" , \"Gauge\" , \"Graph\" , \"Graph GL\" , \"HeatMap\" , \"Infographic\" , \"Line\" , \"Map\" , \"Pack\" , \"ParallelCoordinates\" , \"Pie\" , \"PolarBar\" , \"Radar\" , \"Radial\" , \"Sankey\" , \"Scatter\" , \"Scatter 3D\" , \"ScatterplotMatrix\" , \"SingleAxisCluster\" , \"Sunburst\" , \"Text Widget\" , \"TreeMap\" , \"VivaGraph\" , \"Waterfall\" ] } ] } } ) ;","Panel ( 0 ) | RetrievePanelEvents ( ) ;","Panel ( 0 ) | AddPanelEvents ( { \"onSingleClick\" : { \"MY (Close Popup)\" : [ { \"query\" : \"<encode>Panel(<Panel>)|RemovePanelComment(\"1\")|RetrievePanelComment();</encode>\" , \"panel\" : \"\" , \"options\" : { \"keys\" : [ ] } , \"refresh\" : false , \"openType\" : { } } ] } } ) ;","Panel ( 0 ) | RetrievePanelEvents ( ) ;","Panel ( 0 ) | AddPanelEvents ( { \"onSingleClick\" : { \"MY\" : [ { \"panel\" : \"\" , \"query\" : \"<encode>Panel(0)|AddPanelComment({\"binding\":{\"showAsMarker\":\"false\",\"height\":<Height>,\"width\":<Width>,\"x\":<MouseX>,\"y\":<MouseY>,\"clientWidth\":1874,\"clientHeight\":816},\"id\":\"1\",\"alwaysDisplay\": true,\"type\":\"svgMain\",\"commentText\":\"<iframe style='border: none' src=<URL>></iframe>\"});Panel(0)|RetrievePanelComment();</encode>\" , \"options\" : { \"url\" : { \"link\" : \"http://localhost:5355/SemossWeb/#!/insight?type=single&engine=595ebe4d-b6ae-4fbe-83bd-2e67d8f0ecb7&id=ef0e86e6-8909-4f4d-a02f-1279a11c6623&panel=0\" , \"width\" : 300 , \"height\" : 300 } } , \"refresh\" : false , \"disabledVisuals\" : [ \"Area\" , \"Bar\" , \"Bar Line\" , \"Box\" , \"Bubble\" , \"Bullet\" , \"Chiclet\" , \"Choropleth\" , \"Cloud\" , \"Cluster\" , \"Column\" , \"Custom Legend\" , \"DashboardParam\" , \"Dendrogram\" , \"Funnel\" , \"Gantt\" , \"Gauge\" , \"Graph\" , \"Graph GL\" , \"HeatMap\" , \"Infographic\" , \"Line\" , \"Map\" , \"Pack\" , \"ParallelCoordinates\" , \"Pie\" , \"PolarBar\" , \"Radar\" , \"Radial\" , \"Sankey\" , \"Scatter\" , \"Scatter 3D\" , \"ScatterplotMatrix\" , \"SingleAxisCluster\" , \"Sunburst\" , \"Text Widget\" , \"TreeMap\" , \"VivaGraph\" , \"Waterfall\" ] } ] } } ) ;","Panel ( 0 ) | RetrievePanelEvents ( ) ;","Panel ( 0 ) | AddPanelEvents ( { \"onSingleClick\" : { \"MY (Close Popup)\" : [ { \"query\" : \"<encode>Panel(<Panel>)|RemovePanelComment(\"1\")|RetrievePanelComment();</encode>\" , \"panel\" : \"\" , \"options\" : { \"keys\" : [ ] } , \"refresh\" : false , \"openType\" : { } } ] } } ) ;","Panel ( 0 ) | RetrievePanelEvents ( ) ;","Panel ( 0 ) | AddPanelEvents ( { \"onSingleClick\" : { \"MY\" : [ { \"panel\" : \"\" , \"query\" : \"<encode>Panel(0)|AddPanelComment({\"binding\":{\"showAsMarker\":\"false\",\"height\":<Height>,\"width\":<Width>,\"x\":<MouseX>,\"y\":<MouseY>,\"clientWidth\":1874,\"clientHeight\":816},\"id\":\"1\",\"alwaysDisplay\": true,\"type\":\"svgMain\",\"commentText\":\"<iframe style='border: none' src=<URL>></iframe>\"});Panel(0)|RetrievePanelComment();</encode>\" , \"options\" : { \"url\" : { \"link\" : \"http://localhost:5355/SemossWeb/#!/insight?type=single&engine=595ebe4d-b6ae-4fbe-83bd-2e67d8f0ecb7&id=ef0e86e6-8909-4f4d-a02f-1279a11c6623&panel=0\" , \"width\" : 300 , \"height\" : 300 } } , \"refresh\" : false , \"disabledVisuals\" : [ \"Area\" , \"Bar\" , \"Bar Line\" , \"Box\" , \"Bubble\" , \"Bullet\" , \"Chiclet\" , \"Choropleth\" , \"Cloud\" , \"Cluster\" , \"Column\" , \"Custom Legend\" , \"DashboardParam\" , \"Dendrogram\" , \"Funnel\" , \"Gantt\" , \"Gauge\" , \"Graph\" , \"Graph GL\" , \"HeatMap\" , \"Infographic\" , \"Line\" , \"Map\" , \"Pack\" , \"ParallelCoordinates\" , \"Pie\" , \"PolarBar\" , \"Radar\" , \"Radial\" , \"Sankey\" , \"Scatter\" , \"Scatter 3D\" , \"ScatterplotMatrix\" , \"SingleAxisCluster\" , \"Sunburst\" , \"Text Widget\" , \"TreeMap\" , \"VivaGraph\" , \"Waterfall\" ] } ] } } ) ;","Panel ( 0 ) | RetrievePanelEvents ( ) ;","Panel ( 0 ) | AddPanelEvents ( { \"onSingleClick\" : { \"MY (Close Popup)\" : [ { \"query\" : \"<encode>Panel(<Panel>)|RemovePanelComment(\"1\")|RetrievePanelComment();</encode>\" , \"panel\" : \"\" , \"options\" : { \"keys\" : [ ] } , \"refresh\" : false , \"openType\" : { } } ] } } ) ;","Panel ( 0 ) | RetrievePanelEvents ( ) ;","Panel ( 0 ) | AddPanelEvents ( { \"onSingleClick\" : { \"MY\" : [ { \"panel\" : \"\" , \"query\" : \"<encode>Panel(0)|AddPanelComment({\"binding\":{\"showAsMarker\":\"false\",\"height\":<Height>,\"width\":<Width>,\"x\":<MouseX>,\"y\":<MouseY>,\"clientWidth\":1874,\"clientHeight\":816},\"id\":\"1\",\"alwaysDisplay\": true,\"type\":\"svgMain\",\"commentText\":\"<iframe style='border: none' src=<URL>></iframe>\"});Panel(0)|RetrievePanelComment();</encode>\" , \"options\" : { \"url\" : { \"link\" : \"http://localhost:5355/SemossWeb/#!/insight?type=single&engine=595ebe4d-b6ae-4fbe-83bd-2e67d8f0ecb7&id=ef0e86e6-8909-4f4d-a02f-1279a11c6623&panel=0\" , \"width\" : 300 , \"height\" : 300 } } , \"refresh\" : false , \"disabledVisuals\" : [ \"Area\" , \"Bar\" , \"Bar Line\" , \"Box\" , \"Bubble\" , \"Bullet\" , \"Chiclet\" , \"Choropleth\" , \"Cloud\" , \"Cluster\" , \"Column\" , \"Custom Legend\" , \"DashboardParam\" , \"Dendrogram\" , \"Funnel\" , \"Gantt\" , \"Gauge\" , \"Graph\" , \"Graph GL\" , \"HeatMap\" , \"Infographic\" , \"Line\" , \"Map\" , \"Pack\" , \"ParallelCoordinates\" , \"Pie\" , \"PolarBar\" , \"Radar\" , \"Radial\" , \"Sankey\" , \"Scatter\" , \"Scatter 3D\" , \"ScatterplotMatrix\" , \"SingleAxisCluster\" , \"Sunburst\" , \"Text Widget\" , \"TreeMap\" , \"VivaGraph\" , \"Waterfall\" ] } ] } } ) ;","Panel ( 0 ) | RetrievePanelEvents ( ) ;","Panel ( 0 ) | AddPanelEvents ( { \"onSingleClick\" : { \"MY (Close Popup)\" : [ { \"query\" : \"<encode>Panel(<Panel>)|RemovePanelComment(\"1\")|RetrievePanelComment();</encode>\" , \"panel\" : \"\" , \"options\" : { \"keys\" : [ ] } , \"refresh\" : false , \"openType\" : { } } ] } } ) ;","Panel ( 0 ) | RetrievePanelEvents ( ) ;","Panel ( 0 ) | AddPanelEvents ( { \"onSingleClick\" : { \"MY\" : [ { \"panel\" : \"\" , \"query\" : \"<encode>Panel(0)|AddPanelComment({\"binding\":{\"showAsMarker\":\"false\",\"height\":<Height>,\"width\":<Width>,\"x\":<MouseX>,\"y\":<MouseY>,\"clientWidth\":1874,\"clientHeight\":816},\"id\":\"1\",\"alwaysDisplay\": true,\"type\":\"svgMain\",\"commentText\":\"<iframe style='border: none' src=<URL>></iframe>\"});Panel(0)|RetrievePanelComment();</encode>\" , \"options\" : { \"url\" : { \"link\" : \"http://localhost:5355/SemossWeb/#!/insight?type=single&engine=595ebe4d-b6ae-4fbe-83bd-2e67d8f0ecb7&id=ef0e86e6-8909-4f4d-a02f-1279a11c6623&panel=0\" , \"width\" : 300 , \"height\" : 300 } } , \"refresh\" : false , \"disabledVisuals\" : [ \"Area\" , \"Bar\" , \"Bar Line\" , \"Box\" , \"Bubble\" , \"Bullet\" , \"Chiclet\" , \"Choropleth\" , \"Cloud\" , \"Cluster\" , \"Column\" , \"Custom Legend\" , \"DashboardParam\" , \"Dendrogram\" , \"Funnel\" , \"Gantt\" , \"Gauge\" , \"Graph\" , \"Graph GL\" , \"HeatMap\" , \"Infographic\" , \"Line\" , \"Map\" , \"Pack\" , \"ParallelCoordinates\" , \"Pie\" , \"PolarBar\" , \"Radar\" , \"Radial\" , \"Sankey\" , \"Scatter\" , \"Scatter 3D\" , \"ScatterplotMatrix\" , \"SingleAxisCluster\" , \"Sunburst\" , \"Text Widget\" , \"TreeMap\" , \"VivaGraph\" , \"Waterfall\" ] } ] } } ) ;","Panel ( 0 ) | RetrievePanelEvents ( ) ;","Panel ( 0 ) | AddPanelEvents ( { \"onSingleClick\" : { \"MY (Close Popup)\" : [ { \"query\" : \"<encode>Panel(<Panel>)|RemovePanelComment(\"1\")|RetrievePanelComment();</encode>\" , \"panel\" : \"\" , \"options\" : { \"keys\" : [ ] } , \"refresh\" : false , \"openType\" : { } } ] } } ) ;","Panel ( 0 ) | RetrievePanelEvents ( ) ;","Panel ( 0 ) | AddPanelEvents ( { \"onSingleClick\" : { \"MY\" : [ { \"panel\" : \"\" , \"query\" : \"<encode>Panel(0)|AddPanelComment({\"binding\":{\"showAsMarker\":\"false\",\"height\":<Height>,\"width\":<Width>,\"x\":<MouseX>,\"y\":<MouseY>,\"clientWidth\":1874,\"clientHeight\":816},\"id\":\"1\",\"alwaysDisplay\": true,\"type\":\"svgMain\",\"commentText\":\"<iframe style='border: none' src=<URL>></iframe>\"});Panel(0)|RetrievePanelComment();</encode>\" , \"options\" : { \"url\" : { \"link\" : \"http://localhost:5355/SemossWeb/#!/insight?type=single&engine=595ebe4d-b6ae-4fbe-83bd-2e67d8f0ecb7&id=ef0e86e6-8909-4f4d-a02f-1279a11c6623&panel=0\" , \"width\" : 300 , \"height\" : 300 } } , \"refresh\" : false , \"disabledVisuals\" : [ \"Area\" , \"Bar\" , \"Bar Line\" , \"Box\" , \"Bubble\" , \"Bullet\" , \"Chiclet\" , \"Choropleth\" , \"Cloud\" , \"Cluster\" , \"Column\" , \"Custom Legend\" , \"DashboardParam\" , \"Dendrogram\" , \"Funnel\" , \"Gantt\" , \"Gauge\" , \"Graph\" , \"Graph GL\" , \"HeatMap\" , \"Infographic\" , \"Line\" , \"Map\" , \"Pack\" , \"ParallelCoordinates\" , \"Pie\" , \"PolarBar\" , \"Radar\" , \"Radial\" , \"Sankey\" , \"Scatter\" , \"Scatter 3D\" , \"ScatterplotMatrix\" , \"SingleAxisCluster\" , \"Sunburst\" , \"Text Widget\" , \"TreeMap\" , \"VivaGraph\" , \"Waterfall\" ] } ] } } ) ;","Panel ( 0 ) | RetrievePanelEvents ( ) ;","Panel ( 0 ) | AddPanelOrnaments ( { \"tools\" : { \"shared\" : { \"highlight\" : { \"data\" : { \"OptionGroupName\" : [ \"size\" ] } } } } } ) ;","Panel ( 0 ) | RetrievePanelOrnaments ( ) ;","FRAME696746 | UnfilterFrame ( ) ;","Panel ( 0 ) | AddPanelEvents ( { \"onDoubleClick\" : { \"MY (Close Popup) (Close Popup)\" : [ { \"query\" : \"<encode>Panel(<Panel>)|RemovePanelComment(\"1\")|RetrievePanelComment();</encode>\" , \"panel\" : \"\" , \"options\" : { \"keys\" : [ ] } , \"refresh\" : false , \"openType\" : { } } ] } } ) ;","Panel ( 0 ) | RetrievePanelEvents ( ) ;","if ( ( FRAME696746 | HasDuplicates ( OptionGroupName ) ) , ( Frame ( frame = [ FRAME696746 ] ) | Select ( OptionGroupName , Count ( OptionName ) ) .as ( [ OptionGroupName , Count_of_OptionName ] ) | Group ( OptionGroupName ) | With ( Panel ( 0 ) ) | Format ( type = [ 'table' ] ) | TaskOptions ( { \"0\" : { \"layout\" : \"Pie\" , \"alignment\" : { \"label\" : [ \"OptionGroupName\" ] , \"value\" : [ \"Count_of_OptionName\" ] , \"heat\" : [ ] , \"tooltip\" : [ ] , \"facet\" : [ ] } } } ) | Collect ( 2000 ) ) , ( Frame ( frame = [ FRAME696746 ] ) | Select ( OptionGroupName , Count ( OptionName ) ) .as ( [ OptionGroupName , Count_of_OptionName ] ) | Group ( OptionGroupName ) | With ( Panel ( 0 ) ) | Format ( type = [ 'table' ] ) | TaskOptions ( { \"0\" : { \"layout\" : \"Pie\" , \"alignment\" : { \"label\" : [ \"OptionGroupName\" ] , \"value\" : [ \"Count_of_OptionName\" ] , \"heat\" : [ ] , \"tooltip\" : [ ] , \"facet\" : [ ] } } } ) | Collect ( 2000 ) ) ) ;","Panel ( 0 ) | AddPanelOrnaments ( { \"tools\" : { \"shared\" : { \"animationPie\" : \"Exponential\" } } } ) ;","Panel ( 0 ) | RetrievePanelOrnaments ( \"tools.shared.animationPie\" ) ;","Panel ( 0 ) | AddPanelOrnaments ( { \"tools\" : { \"shared\" : { \"animationPie\" : \"Elastic\" } } } ) ;","Panel ( 0 ) | RetrievePanelOrnaments ( \"tools.shared.animationPie\" ) ;","Panel ( 0 ) | RemovePanelEvents ( \"onDoubleClick.MY (Close Popup) (Close Popup)\" ) ;","Panel ( 0 ) | RetrievePanelEvents ( ) ;","Panel ( 0 ) | RemovePanelEvents ( \"onSingleClick.MY\" ) ;","Panel ( 0 ) | RetrievePanelEvents ( ) ;","Panel ( 0 ) | RemovePanelEvents ( \"onSingleClick.MY (Close Popup)\" ) ;","Panel ( 0 ) | RetrievePanelEvents ( ) ;","( FRAME696746 | UnfilterFrame ( OptionGroupName ) ) ;","( FRAME696746 | UnfilterFrame ( OptionGroupName ) ) ;","( FRAME696746 | UnfilterFrame ( OptionGroupName ) ) ;","( FRAME696746 | UnfilterFrame ( OptionGroupName ) ) ;","Panel ( 0 ) | AddPanelEvents ( { \"onSingleClick\" : { \"Click Event\" : [ { \"panel\" : \"0\" , \"query\" : \"<encode>META | OpenInsight(app=[\"595ebe4d-b6ae-4fbe-83bd-2e67d8f0ecb7\"], id=[\"e65e1765-f88a-4398-8b3c-a27bd4dc637d\"]);</encode>\" , \"options\" : { } , \"refresh\" : false , \"disabledVisuals\" : [ \"Grid\" , \"Sunburst\" ] } ] } } ) ;","Panel ( 0 ) | RetrievePanelEvents ( ) ;","( FRAME696746 | UnfilterFrame ( OptionGroupName ) ) ;","( FRAME696746 | UnfilterFrame ( OptionGroupName ) ) ;","( FRAME696746 | UnfilterFrame ( OptionGroupName ) ) ;","( FRAME696746 | UnfilterFrame ( OptionGroupName ) ) ;","( FRAME696746 | UnfilterFrame ( OptionGroupName ) ) ;","( FRAME696746 | UnfilterFrame ( OptionGroupName ) ) ;","Panel ( 0 ) | AddPanelEvents ( { \"onSingleClick\" : { \"Click Event\" : [ { \"panel\" : \"0\" , \"query\" : \"<encode>META | OpenInsight(app=[\"595ebe4d-b6ae-4fbe-83bd-2e67d8f0ecb7\"], id=[\"e65e1765-f88a-4398-8b3c-a27bd4dc637d\"]);</encode>\" , \"options\" : { } , \"refresh\" : false , \"disabledVisuals\" : [ \"Grid\" , \"Sunburst\" ] } ] } } ) ;","Panel ( 0 ) | RetrievePanelEvents ( ) ;","( FRAME696746 | UnfilterFrame ( OptionGroupName ) ) ;","( FRAME696746 | UnfilterFrame ( OptionGroupName ) ) ;","Panel ( 0 ) | AddPanelEvents ( { \"onSingleClick\" : { \"Click Event\" : [ { \"panel\" : \"0\" , \"query\" : \"<encode>META | OpenInsight(app=[\"595ebe4d-b6ae-4fbe-83bd-2e67d8f0ecb7\"], id=[\"e65e1765-f88a-4398-8b3c-a27bd4dc637d\"]);</encode>\" , \"options\" : { } , \"refresh\" : false , \"disabledVisuals\" : [ \"Grid\" , \"Sunburst\" ] } ] } } ) ;","Panel ( 0 ) | RetrievePanelEvents ( ) ;","( FRAME696746 | UnfilterFrame ( OptionGroupName ) ) ;","( FRAME696746 | UnfilterFrame ( OptionGroupName ) ) ;","( FRAME696746 | UnfilterFrame ( OptionGroupName ) ) ;","( FRAME696746 | UnfilterFrame ( OptionGroupName ) ) ;","( FRAME696746 | UnfilterFrame ( OptionGroupName ) ) ;"]}