{"insightID":"a6b77f88-90f8-483a-9dae-32f5bafb26ed","pixelReturn":[{"pixelExpression":"CachedPanel ( \"0\" ) ;","isMeta":false,"output":{"panelId":"0","view":"visualization","viewOptions":"{\"type\":\"echarts\"}","viewOptionsMap":{"federate-view":{"app_id":"595ebe4d-b6ae-4fbe-83bd-2e67d8f0ecb7"},"visualization":{"type":"echarts"}},"config":{"type":"STANDARD","opacity":100.0,"labelOverride":false},"ornaments":{"tools":{"shared":{"animationPie":"Elastic","highlight":{"data":{"OptionGroupName":["size"]}}}}},"events":{"onSingleClick":{"Click Event":[{"disabledVisuals":["Grid","Sunburst"],"query":"META | OpenInsight(app=[\"595ebe4d-b6ae-4fbe-83bd-2e67d8f0ecb7\"], id=[\"e65e1765-f88a-4398-8b3c-a27bd4dc637d\"]);","options":{},"refresh":false,"panel":"0"}],"Unfilter":[{"disabledVisuals":["Grid","Sunburst"],"default":true,"query":"(<Frame> | UnfilterFrame(<SelectedColumn>));","options":{},"refresh":false,"disabled":false,"panel":""}]},"onBrush":{"Filter":[{"default":true,"query":"if((IsEmpty(<SelectedValues>)),(<Frame> | UnfilterFrame(<SelectedColumn>)), (<Frame> | SetFrameFilter(<SelectedColumn>==<SelectedValues>)));","options":{},"refresh":false,"disabled":false,"panel":""}]},"onDoubleClick":{}},"comments":{},"position":{},"filters":[],"order":[],"cbv":[]},"operationType":["CACHED_PANEL"]},{"pixelExpression":"if ( ( FRAME696746 | HasDuplicates ( OptionGroupName ) ) , ( Frame ( frame = [ FRAME696746 ] ) | Select ( OptionGroupName , Count ( OptionName ) ) .as ( [ OptionGroupName , Count_of_OptionName ] ) | Group ( OptionGroupName ) | With ( Panel ( 0 ) ) | Format ( type = [ 'table' ] ) | TaskOptions ( { \"0\" : { \"layout\" : \"Pie\" , \"alignment\" : { \"label\" : [ \"OptionGroupName\" ] , \"value\" : [ \"Count_of_OptionName\" ] , \"heat\" : [ ] , \"tooltip\" : [ ] , \"facet\" : [ ] } } } ) | Collect ( 2000 ) ) , ( Frame ( frame = [ FRAME696746 ] ) | Select ( OptionGroupName , Count ( OptionName ) ) .as ( [ OptionGroupName , Count_of_OptionName ] ) | Group ( OptionGroupName ) | With ( Panel ( 0 ) ) | Format ( type = [ 'table' ] ) | TaskOptions ( { \"0\" : { \"layout\" : \"Pie\" , \"alignment\" : { \"label\" : [ \"OptionGroupName\" ] , \"value\" : [ \"Count_of_OptionName\" ] , \"heat\" : [ ] , \"tooltip\" : [ ] , \"facet\" : [ ] } } } ) | Collect ( 2000 ) ) ) ;","isMeta":false,"output":{"data":{"values":[["Material",3.0],["color",3.0],["size",5.0]],"headers":["OptionGroupName","Count_of_OptionName"],"rawHeaders":["OPTIONGROUPNAME","Count_of_OptionName"]},"headerInfo":[{"alias":"OptionGroupName","header":"OptionGroupName","type":"STRING","derived":false},{"alias":"Count_of_OptionName","header":"Count_of_OptionName","calculatedBy":"OptionName","groupBy":["OptionGroupName"],"math":"Count","type":"NUMBER","derived":true}],"sortInfo":[],"numRows":3,"sources":[{"name":"FRAME696746","type":"FRAME"}],"numCollected":2000,"taskOptions":{"0":{"layout":"Pie","alignment":{"heat":[],"tooltip":[],"label":["OptionGroupName"],"value":["Count_of_OptionName"],"facet":[]}}},"format":{"type":"TABLE"},"filterInfo":[],"taskId":"task1"},"operationType":["TASK_DATA"]}]}