{"insightID":"41ee3e27-b55d-4563-95e5-05d00f81a95f","pixelReturn":[{"pixelExpression":"CachedPanel ( \"0\" ) ;","isMeta":false,"output":{"panelId":"0","view":"visualization","viewOptions":"{\"type\":\"echarts\"}","viewOptionsMap":{"federate-view":{"app_id":"595ebe4d-b6ae-4fbe-83bd-2e67d8f0ecb7"},"visualization":{"type":"echarts"}},"config":{"type":"STANDARD","opacity":100.0,"labelOverride":false},"ornaments":{"tools":{"shared":{"colorName":"Four","backgroundColor":"#FFFFFF","color":{},"barImage":{"symbol":"Default (Bar)","borderRadius":0.0,"symbolSize":20.0,"repeat":true,"clip":true},"axisPointer":"shadow","toggleShadow":true}}},"events":{"onSingleClick":{"Unfilter":[{"disabledVisuals":["Grid","Sunburst"],"default":true,"query":"(<Frame> | UnfilterFrame(<SelectedColumn>));","options":{},"refresh":false,"disabled":false,"panel":""}]},"onBrush":{"Filter":[{"default":true,"query":"if((IsEmpty(<SelectedValues>)),(<Frame> | UnfilterFrame(<SelectedColumn>)), (<Frame> | SetFrameFilter(<SelectedColumn>==<SelectedValues>)));","options":{},"refresh":false,"disabled":false,"panel":""}]}},"comments":{},"position":{},"filters":[],"order":[],"cbv":[]},"operationType":["CACHED_PANEL"]},{"pixelExpression":"if ( ( FRAME812703 | HasDuplicates ( UserFirstName ) ) , ( Frame ( frame = [ FRAME812703 ] ) | Select ( UserFirstName , Count ( DetailOrderID ) ) .as ( [ UserFirstName , Count_of_DetailOrderID ] ) | Group ( UserFirstName ) | With ( Panel ( 0 ) ) | Format ( type = [ 'table' ] ) | TaskOptions ( { \"0\" : { \"layout\" : \"Column\" , \"alignment\" : { \"label\" : [ \"UserFirstName\" ] , \"value\" : [ \"Count_of_DetailOrderID\" ] , \"tooltip\" : [ ] , \"facet\" : [ ] } } } ) | Collect ( 2000 ) ) , ( Frame ( frame = [ FRAME812703 ] ) | Select ( UserFirstName , DetailOrderID ) .as ( [ UserFirstName , DetailOrderID ] ) | With ( Panel ( 0 ) ) | Format ( type = [ 'table' ] ) | TaskOptions ( { \"0\" : { \"layout\" : \"Column\" , \"alignment\" : { \"label\" : [ \"UserFirstName\" ] , \"value\" : [ \"DetailOrderID\" ] , \"tooltip\" : [ ] , \"facet\" : [ ] } } } ) | Collect ( 2000 ) ) ) ;","isMeta":false,"output":{"data":{"values":[["Kumar ",3.0],["Mahesh",3.0],["Neelam",4.0],["Pranoti ",3.0],["Prasad",5.0],["Rahul",3.0]],"headers":["UserFirstName","Count_of_DetailOrderID"],"rawHeaders":["USERFIRSTNAME","Count_of_DetailOrderID"]},"headerInfo":[{"alias":"UserFirstName","header":"UserFirstName","type":"STRING","derived":false},{"alias":"Count_of_DetailOrderID","header":"Count_of_DetailOrderID","calculatedBy":"DetailOrderID","groupBy":["UserFirstName"],"math":"Count","type":"NUMBER","derived":true}],"sortInfo":[],"numRows":6,"sources":[{"name":"FRAME812703","type":"FRAME"}],"numCollected":2000,"taskOptions":{"0":{"layout":"Column","alignment":{"tooltip":[],"label":["UserFirstName"],"value":["Count_of_DetailOrderID"],"facet":[]}}},"format":{"type":"TABLE"},"filterInfo":[],"taskId":"task1"},"operationType":["TASK_DATA"]}]}